mtllib Asset 1.mtl
# Vertex Positions: 
g groupNumber_0
v 44.5018 -11.8191 -7.50473
v 48.473 -2.29222 -7.50473
v 48.0114 -2.09656 -7.50473
v 47.539 -1.90317 -7.50473
v 47.0564 -1.71208 -7.50473
v 46.5641 -1.52332 -7.50473
v 46.0627 -1.33691 -7.50473
v 45.5528 -1.15288 -7.50473
v 45.0349 -0.971254 -7.50473
v 44.5097 -0.792059 -7.50473
v 43.9778 -0.615321 -7.50473
v 43.4397 -0.441065 -7.50473
v 42.8959 -0.269316 -7.50473
v 42.3471 -0.100102 -7.50473
v 41.7939 0.066554 -7.50473
v 41.2368 0.230625 -7.50473
v 40.6764 0.392084 -7.50473
v 40.1133 0.550907 -7.50473
v 39.548 0.707068 -7.50473
v 38.9812 0.86054 -7.50473
v 38.4134 1.0113 -7.50473
v 37.8452 1.15932 -7.50473
v 37.2772 1.30457 -7.50473
v 36.7099 1.44703 -7.50473
v 36.144 1.58668 -7.50473
v 35.58 1.72348 -7.50473
v 35.0184 1.85741 -7.50473
v 34.46 1.98845 -7.50473
v 33.9052 2.11657 -7.50473
v 33.3546 2.24174 -7.50473
v 32.8089 2.36394 -7.50473
v 32.2685 2.48314 -7.50473
v 31.7341 2.59932 -7.50473
v 31.2063 2.71245 -7.50473
v 30.6855 2.82251 -7.50473
v 30.1725 2.92946 -7.50473
v 29.6678 3.03329 -7.50473
v 29.1719 3.13397 -7.50473
v 28.6855 3.23147 -7.50473
v 28.209 3.32576 -7.50473
v 27.7432 3.41682 -7.50473
v 27.2886 3.50463 -7.50473
v 26.8457 3.58916 -7.50473
v 26.4151 3.67038 -7.50473
v 25.9975 3.74827 -7.50473
v 25.5933 3.8228 -7.50473
v 25.2033 3.89395 -7.50473
v 24.8278 3.96168 -7.50473
v 24.4676 4.02598 -7.50473
v 24.1233 4.08682 -7.50473
v 23.7953 4.14417 -7.50473
v 23.4842 4.19801 -7.50473
v 23.1907 4.2483 -7.50473
v 22.9154 4.29504 -7.50473
v 22.6587 4.33818 -7.50473
v 22.4213 4.37771 -7.50473
v 22.2038 4.41359 -7.50473
v 22.0067 4.44581 -7.50473
v 21.8306 4.47433 -7.50473
v 21.6762 4.49914 -7.50473
v 21.5439 4.52019 -7.50473
v 21.4343 4.53748 -7.50473
v 21.3481 4.55097 -7.50473
v 21.2859 4.56064 -7.50473
v 21.2353 9.36758 -7.50473
v 19.7513 9.69811 -7.50473
v 18.2821 10.0008 -7.50473
v 16.8284 10.2766 -7.50473
v 15.3908 10.5263 -7.50473
v 13.9702 10.7509 -7.50473
v 12.5672 10.9513 -7.50473
v 11.1825 11.1283 -7.50473
v 9.8169 11.2828 -7.50473
v 8.47099 11.4159 -7.50473
v 7.14554 11.5282 -7.50473
v 5.84123 11.6209 -7.50473
v 4.55879 11.6946 -7.50473
v 3.29893 11.7504 -7.50473
v 2.06234 11.7892 -7.50473
v 0.84974 11.8118 -7.50473
v -0.338166 11.8191 -7.50473
v -1.50067 11.8121 -7.50473
v -2.63706 11.7916 -7.50473
v -3.74663 11.7585 -7.50473
v -4.82868 11.7138 -7.50473
v -5.88249 11.6583 -7.50473
v -6.90736 11.5929 -7.50473
v -7.90258 11.5185 -7.50473
v -8.86744 11.4361 -7.50473
v -9.80124 11.3464 -7.50473
v -10.7033 11.2505 -7.50473
v -11.5728 11.1492 -7.50473
v -12.4091 11.0434 -7.50473
v -13.2116 10.9341 -7.50473
v -13.9795 10.822 -7.50473
v -14.712 10.7081 -7.50473
v -15.4085 10.5933 -7.50473
v -16.0683 10.4786 -7.50473
v -16.6906 10.3647 -7.50473
v -17.2748 10.2526 -7.50473
v -17.8202 10.1433 -7.50473
v -18.326 10.0375 -7.50473
v -18.7915 9.93617 -7.50473
v -19.2161 9.84026 -7.50473
v -19.5989 9.75063 -7.50473
v -19.9394 9.66818 -7.50473
v -20.2368 9.59382 -7.50473
v -20.4903 9.52843 -7.50473
v -20.6994 9.47292 -7.50473
v -20.8632 9.42818 -7.50473
v -20.9811 9.39511 -7.50473
v -21.0523 9.37461 -7.50473
v -21.0763 4.32909 -7.50473
v -21.5181 4.32395 -7.50473
v -21.9722 4.30876 -7.50473
v -22.438 4.28384 -7.50473
v -22.9148 4.24952 -7.50473
v -23.4021 4.20611 -7.50473
v -23.8993 4.15394 -7.50473
v -24.4057 4.09335 -7.50473
v -24.9206 4.02464 -7.50473
v -25.4436 3.94815 -7.50473
v -25.9739 3.8642 -7.50473
v -26.511 3.77311 -7.50473
v -27.0542 3.67521 -7.50473
v -27.6029 3.57083 -7.50473
v -28.1566 3.46028 -7.50473
v -28.7145 3.3439 -7.50473
v -29.2761 3.222 -7.50473
v -29.8408 3.09491 -7.50473
v -30.4079 2.96296 -7.50473
v -30.9768 2.82646 -7.50473
v -31.5469 2.68575 -7.50473
v -32.1176 2.54115 -7.50473
v -32.6883 2.39298 -7.50473
v -33.2584 2.24156 -7.50473
v -33.8272 2.08723 -7.50473
v -34.3941 1.9303 -7.50473
v -34.9585 1.77111 -7.50473
v -35.5198 1.60996 -7.50473
v -36.0774 1.4472 -7.50473
v -36.6307 1.28313 -7.50473
v -37.179 1.1181 -7.50473
v -37.7217 0.952411 -7.50473
v -38.2583 0.786402 -7.50473
v -38.788 0.620392 -7.50473
v -39.3104 0.454707 -7.50473
v -39.8246 0.289671 -7.50473
v -40.3303 0.125608 -7.50473
v -40.8266 -0.0371582 -7.50473
v -41.3131 -0.198302 -7.50473
v -41.7891 -0.357501 -7.50473
v -42.254 -0.514428 -7.50473
v -42.7071 -0.668761 -7.50473
v -43.1479 -0.820175 -7.50473
v -43.5757 -0.968346 -7.50473
v -43.9899 -1.11295 -7.50473
v -44.3899 -1.25366 -7.50473
v -44.7751 -1.39015 -7.50473
v -45.1449 -1.52211 -7.50473
v -45.4987 -1.6492 -7.50473
v -45.8357 -1.77109 -7.50473
v -46.1555 -1.88748 -7.50473
v -46.4574 -1.99803 -7.50473
v -46.7408 -2.10241 -7.50473
v -47.005 -2.20031 -7.50473
v -47.2495 -2.29139 -7.50473
v -47.4737 -2.37534 -7.50473
v -47.6769 -2.45183 -7.50473
v -47.8584 -2.52054 -7.50473
v -48.0178 -2.58114 -7.50473
v -48.1543 -2.6333 -7.50473
v -48.2674 -2.67671 -7.50473
v -48.3565 -2.71104 -7.50473
v -48.4208 -2.73596 -7.50473
v -48.473 -2.75628 -7.50473
v -45.2282 -11.8191 -7.50473
v -45.1252 -11.7613 -7.50473
v -45.0453 -11.7174 -7.50473
v -44.9429 -11.6619 -7.50473
v -44.818 -11.5952 -7.50473
v -44.6708 -11.5177 -7.50473
v -44.5014 -11.4299 -7.50473
v -44.3098 -11.3321 -7.50473
v -44.0963 -11.2247 -7.50473
v -43.8608 -11.1083 -7.50473
v -43.6035 -10.9831 -7.50473
v -43.3246 -10.8496 -7.50473
v -43.0241 -10.7083 -7.50473
v -42.7021 -10.5595 -7.50473
v -42.3587 -10.4036 -7.50473
v -41.9942 -10.2411 -7.50473
v -41.6085 -10.0724 -7.50473
v -41.2017 -9.8979 -7.50473
v -40.7741 -9.71799 -7.50473
v -40.3257 -9.5331 -7.50473
v -39.8566 -9.34366 -7.50473
v -39.3669 -9.15006 -7.50473
v -38.8567 -8.95274 -7.50473
v -38.3262 -8.75209 -7.50473
v -37.7755 -8.54855 -7.50473
v -37.2046 -8.34251 -7.50473
v -36.6137 -8.1344 -7.50473
v -36.0028 -7.92464 -7.50473
v -35.3722 -7.71363 -7.50473
v -34.7219 -7.50179 -7.50473
v -34.0519 -7.28953 -7.50473
v -33.3626 -7.07728 -7.50473
v -32.6538 -6.86544 -7.50473
v -31.9258 -6.65442 -7.50473
v -31.1787 -6.44466 -7.50473
v -30.4125 -6.23655 -7.50473
v -29.6274 -6.03052 -7.50473
v -28.8235 -5.82697 -7.50473
v -28.0009 -5.62633 -7.50473
v -27.1597 -5.429 -7.50473
v -26.3 -5.23541 -7.50473
v -25.422 -5.04596 -7.50473
v -24.5257 -4.86107 -7.50473
v -23.6113 -4.68117 -7.50473
v -22.6788 -4.50665 -7.50473
v -21.7284 -4.33794 -7.50473
v -20.7601 -4.17544 -7.50473
v -19.7742 -4.01959 -7.50473
v -18.7707 -3.87078 -7.50473
v -17.7497 -3.72944 -7.50473
v -16.7113 -3.59598 -7.50473
v -15.6557 -3.47081 -7.50473
v -14.5829 -3.35435 -7.50473
v -13.493 -3.24701 -7.50473
v -12.3862 -3.14921 -7.50473
v -11.2626 -3.06136 -7.50473
v -10.1223 -2.98389 -7.50473
v -8.96541 -2.91719 -7.50473
v -7.79201 -2.86169 -7.50473
v -6.60223 -2.8178 -7.50473
v -5.39617 -2.78594 -7.50473
v -4.17396 -2.76652 -7.50473
v -2.9357 -2.75995 -7.50473
v -1.6815 -2.76665 -7.50473
v -0.411468 -2.78704 -7.50473
v 0.874279 -2.82153 -7.50473
v 2.17563 -2.87054 -7.50473
v 3.49248 -2.93447 -7.50473
v 4.82472 -3.01374 -7.50473
v 6.17224 -3.10878 -7.50473
v 7.53492 -3.21999 -7.50473
v 8.91265 -3.34778 -7.50473
v 10.3053 -3.49258 -7.50473
v 11.7128 -3.65479 -7.50473
v 13.1351 -3.83484 -7.50473
v 14.5719 -4.03313 -7.50473
v 16.0233 -4.25009 -7.50473
v 17.489 -4.48612 -7.50473
v 18.9691 -4.74164 -7.50473
v 20.4633 -5.01707 -7.50473
v 21.9715 -5.31282 -7.50473
v 23.4937 -5.6293 -7.50473
v 25.0298 -5.96693 -7.50473
v 26.5796 -6.32612 -7.50473
v 28.143 -6.7073 -7.50473
v 29.7199 -7.11087 -7.50473
v 31.3102 -7.53724 -7.50473
v 32.9138 -7.98684 -7.50473
v 34.5306 -8.46008 -7.50473
v 36.1604 -8.95737 -7.50473
v 37.8032 -9.47912 -7.50473
v 39.4589 -10.0258 -7.50473
v 41.1273 -10.5977 -7.50473
v 42.8083 -11.1953 -7.50473
v 44.5018 -11.8191 7.50473
v 48.473 -2.29222 7.50473
v 48.0114 -2.09656 7.50473
v 47.539 -1.90317 7.50473
v 47.0564 -1.71208 7.50473
v 46.5641 -1.52332 7.50473
v 46.0627 -1.33691 7.50473
v 45.5528 -1.15288 7.50473
v 45.0349 -0.971254 7.50473
v 44.5097 -0.792059 7.50473
v 43.9778 -0.615321 7.50473
v 43.4397 -0.441065 7.50473
v 42.8959 -0.269316 7.50473
v 42.3471 -0.100102 7.50473
v 41.7939 0.066554 7.50473
v 41.2368 0.230625 7.50473
v 40.6764 0.392084 7.50473
v 40.1133 0.550907 7.50473
v 39.548 0.707068 7.50473
v 38.9812 0.86054 7.50473
v 38.4134 1.0113 7.50473
v 37.8452 1.15932 7.50473
v 37.2772 1.30457 7.50473
v 36.7099 1.44703 7.50473
v 36.144 1.58668 7.50473
v 35.58 1.72348 7.50473
v 35.0184 1.85741 7.50473
v 34.46 1.98845 7.50473
v 33.9052 2.11657 7.50473
v 33.3546 2.24174 7.50473
v 32.8089 2.36394 7.50473
v 32.2685 2.48314 7.50473
v 31.7341 2.59932 7.50473
v 31.2063 2.71245 7.50473
v 30.6855 2.82251 7.50473
v 30.1725 2.92946 7.50473
v 29.6678 3.03329 7.50473
v 29.1719 3.13397 7.50473
v 28.6855 3.23147 7.50473
v 28.209 3.32576 7.50473
v 27.7432 3.41682 7.50473
v 27.2886 3.50463 7.50473
v 26.8457 3.58916 7.50473
v 26.4151 3.67038 7.50473
v 25.9975 3.74827 7.50473
v 25.5933 3.8228 7.50473
v 25.2033 3.89395 7.50473
v 24.8278 3.96168 7.50473
v 24.4676 4.02598 7.50473
v 24.1233 4.08682 7.50473
v 23.7953 4.14417 7.50473
v 23.4842 4.19801 7.50473
v 23.1907 4.2483 7.50473
v 22.9154 4.29504 7.50473
v 22.6587 4.33818 7.50473
v 22.4213 4.37771 7.50473
v 22.2038 4.41359 7.50473
v 22.0067 4.44581 7.50473
v 21.8306 4.47433 7.50473
v 21.6762 4.49914 7.50473
v 21.5439 4.52019 7.50473
v 21.4343 4.53748 7.50473
v 21.3481 4.55097 7.50473
v 21.2859 4.56064 7.50473
v 21.2353 9.36758 7.50473
v 19.7513 9.69811 7.50473
v 18.2821 10.0008 7.50473
v 16.8284 10.2766 7.50473
v 15.3908 10.5263 7.50473
v 13.9702 10.7509 7.50473
v 12.5672 10.9513 7.50473
v 11.1825 11.1283 7.50473
v 9.8169 11.2828 7.50473
v 8.47099 11.4159 7.50473
v 7.14554 11.5282 7.50473
v 5.84123 11.6209 7.50473
v 4.55879 11.6946 7.50473
v 3.29893 11.7504 7.50473
v 2.06234 11.7892 7.50473
v 0.84974 11.8118 7.50473
v -0.338166 11.8191 7.50473
v -1.50067 11.8121 7.50473
v -2.63706 11.7916 7.50473
v -3.74663 11.7585 7.50473
v -4.82868 11.7138 7.50473
v -5.88249 11.6583 7.50473
v -6.90736 11.5929 7.50473
v -7.90258 11.5185 7.50473
v -8.86744 11.4361 7.50473
v -9.80124 11.3464 7.50473
v -10.7033 11.2505 7.50473
v -11.5728 11.1492 7.50473
v -12.4091 11.0434 7.50473
v -13.2116 10.9341 7.50473
v -13.9795 10.822 7.50473
v -14.712 10.7081 7.50473
v -15.4085 10.5933 7.50473
v -16.0683 10.4786 7.50473
v -16.6906 10.3647 7.50473
v -17.2748 10.2526 7.50473
v -17.8202 10.1433 7.50473
v -18.326 10.0375 7.50473
v -18.7915 9.93617 7.50473
v -19.2161 9.84026 7.50473
v -19.5989 9.75063 7.50473
v -19.9394 9.66818 7.50473
v -20.2368 9.59382 7.50473
v -20.4903 9.52843 7.50473
v -20.6994 9.47292 7.50473
v -20.8632 9.42818 7.50473
v -20.9811 9.39511 7.50473
v -21.0523 9.37461 7.50473
v -21.0763 4.32909 7.50473
v -21.5181 4.32395 7.50473
v -21.9722 4.30876 7.50473
v -22.438 4.28384 7.50473
v -22.9148 4.24952 7.50473
v -23.4021 4.20611 7.50473
v -23.8993 4.15394 7.50473
v -24.4057 4.09335 7.50473
v -24.9206 4.02464 7.50473
v -25.4436 3.94815 7.50473
v -25.9739 3.8642 7.50473
v -26.511 3.77311 7.50473
v -27.0542 3.67521 7.50473
v -27.6029 3.57083 7.50473
v -28.1566 3.46028 7.50473
v -28.7145 3.3439 7.50473
v -29.2761 3.222 7.50473
v -29.8408 3.09491 7.50473
v -30.4079 2.96296 7.50473
v -30.9768 2.82646 7.50473
v -31.5469 2.68575 7.50473
v -32.1176 2.54115 7.50473
v -32.6883 2.39298 7.50473
v -33.2584 2.24156 7.50473
v -33.8272 2.08723 7.50473
v -34.3941 1.9303 7.50473
v -34.9585 1.77111 7.50473
v -35.5198 1.60996 7.50473
v -36.0774 1.4472 7.50473
v -36.6307 1.28313 7.50473
v -37.179 1.1181 7.50473
v -37.7217 0.952411 7.50473
v -38.2583 0.786402 7.50473
v -38.788 0.620392 7.50473
v -39.3104 0.454707 7.50473
v -39.8246 0.289671 7.50473
v -40.3303 0.125608 7.50473
v -40.8266 -0.0371582 7.50473
v -41.3131 -0.198302 7.50473
v -41.7891 -0.357501 7.50473
v -42.254 -0.514428 7.50473
v -42.7071 -0.668761 7.50473
v -43.1479 -0.820175 7.50473
v -43.5757 -0.968346 7.50473
v -43.9899 -1.11295 7.50473
v -44.3899 -1.25366 7.50473
v -44.7751 -1.39015 7.50473
v -45.1449 -1.52211 7.50473
v -45.4987 -1.6492 7.50473
v -45.8357 -1.77109 7.50473
v -46.1555 -1.88748 7.50473
v -46.4574 -1.99803 7.50473
v -46.7408 -2.10241 7.50473
v -47.005 -2.20031 7.50473
v -47.2495 -2.29139 7.50473
v -47.4737 -2.37534 7.50473
v -47.6769 -2.45183 7.50473
v -47.8584 -2.52054 7.50473
v -48.0178 -2.58114 7.50473
v -48.1543 -2.6333 7.50473
v -48.2674 -2.67671 7.50473
v -48.3565 -2.71104 7.50473
v -48.4208 -2.73596 7.50473
v -48.473 -2.75628 7.50473
v -45.2282 -11.8191 7.50473
v -45.1252 -11.7613 7.50473
v -45.0453 -11.7174 7.50473
v -44.9429 -11.6619 7.50473
v -44.818 -11.5952 7.50473
v -44.6708 -11.5177 7.50473
v -44.5014 -11.4299 7.50473
v -44.3098 -11.3321 7.50473
v -44.0963 -11.2247 7.50473
v -43.8608 -11.1083 7.50473
v -43.6035 -10.9831 7.50473
v -43.3246 -10.8496 7.50473
v -43.0241 -10.7083 7.50473
v -42.7021 -10.5595 7.50473
v -42.3587 -10.4036 7.50473
v -41.9942 -10.2411 7.50473
v -41.6085 -10.0724 7.50473
v -41.2017 -9.8979 7.50473
v -40.7741 -9.71799 7.50473
v -40.3257 -9.5331 7.50473
v -39.8566 -9.34366 7.50473
v -39.3669 -9.15006 7.50473
v -38.8567 -8.95274 7.50473
v -38.3262 -8.75209 7.50473
v -37.7755 -8.54855 7.50473
v -37.2046 -8.34251 7.50473
v -36.6137 -8.1344 7.50473
v -36.0028 -7.92464 7.50473
v -35.3722 -7.71363 7.50473
v -34.7219 -7.50179 7.50473
v -34.0519 -7.28953 7.50473
v -33.3626 -7.07728 7.50473
v -32.6538 -6.86544 7.50473
v -31.9258 -6.65442 7.50473
v -31.1787 -6.44466 7.50473
v -30.4125 -6.23655 7.50473
v -29.6274 -6.03052 7.50473
v -28.8235 -5.82697 7.50473
v -28.0009 -5.62633 7.50473
v -27.1597 -5.429 7.50473
v -26.3 -5.23541 7.50473
v -25.422 -5.04596 7.50473
v -24.5257 -4.86107 7.50473
v -23.6113 -4.68117 7.50473
v -22.6788 -4.50665 7.50473
v -21.7284 -4.33794 7.50473
v -20.7601 -4.17544 7.50473
v -19.7742 -4.01959 7.50473
v -18.7707 -3.87078 7.50473
v -17.7497 -3.72944 7.50473
v -16.7113 -3.59598 7.50473
v -15.6557 -3.47081 7.50473
v -14.5829 -3.35435 7.50473
v -13.493 -3.24701 7.50473
v -12.3862 -3.14921 7.50473
v -11.2626 -3.06136 7.50473
v -10.1223 -2.98389 7.50473
v -8.96541 -2.91719 7.50473
v -7.79201 -2.86169 7.50473
v -6.60223 -2.8178 7.50473
v -5.39617 -2.78594 7.50473
v -4.17396 -2.76652 7.50473
v -2.9357 -2.75995 7.50473
v -1.6815 -2.76665 7.50473
v -0.411468 -2.78704 7.50473
v 0.874279 -2.82153 7.50473
v 2.17563 -2.87054 7.50473
v 3.49248 -2.93447 7.50473
v 4.82472 -3.01374 7.50473
v 6.17224 -3.10878 7.50473
v 7.53492 -3.21999 7.50473
v 8.91265 -3.34778 7.50473
v 10.3053 -3.49258 7.50473
v 11.7128 -3.65479 7.50473
v 13.1351 -3.83484 7.50473
v 14.5719 -4.03313 7.50473
v 16.0233 -4.25009 7.50473
v 17.489 -4.48612 7.50473
v 18.9691 -4.74164 7.50473
v 20.4633 -5.01707 7.50473
v 21.9715 -5.31282 7.50473
v 23.4937 -5.6293 7.50473
v 25.0298 -5.96693 7.50473
v 26.5796 -6.32612 7.50473
v 28.143 -6.7073 7.50473
v 29.7199 -7.11087 7.50473
v 31.3102 -7.53724 7.50473
v 32.9138 -7.98684 7.50473
v 34.5306 -8.46008 7.50473
v 36.1604 -8.95737 7.50473
v 37.8032 -9.47912 7.50473
v 39.4589 -10.0258 7.50473
v 41.1273 -10.5977 7.50473
v 42.8083 -11.1953 7.50473
v 46.4874 -7.05567 0
v 48.2422 -2.19439 0
v 47.7752 -1.99986 0
v 47.2977 -1.80762 0
v 46.8102 -1.6177 0
v 46.3134 -1.43011 0
v 45.8077 -1.24489 0
v 45.2938 -1.06207 0
v 44.7723 -0.881657 0
v 44.2438 -0.70369 0
v 43.7087 -0.528193 0
v 43.1678 -0.355191 0
v 42.6215 -0.184709 0
v 42.0705 -0.0167738 0
v 41.5153 0.148589 0
v 40.9566 0.311354 0
v 40.3948 0.471496 0
v 39.8306 0.628987 0
v 39.2646 0.783804 0
v 38.6973 0.935919 0
v 38.1293 1.08531 0
v 37.5612 1.23194 0
v 36.9935 1.3758 0
v 36.4269 1.51685 0
v 35.862 1.65508 0
v 35.2992 1.79044 0
v 34.7392 1.92293 0
v 34.1826 2.05251 0
v 33.6299 2.17915 0
v 33.0818 2.30284 0
v 32.5387 2.42354 0
v 32.0013 2.54123 0
v 31.4702 2.65589 0
v 30.9459 2.76748 0
v 30.429 2.87599 0
v 29.9202 2.98138 0
v 29.4198 3.08363 0
v 28.9287 3.18272 0
v 28.4473 3.27861 0
v 27.9761 3.37129 0
v 27.5159 3.46073 0
v 27.0671 3.5469 0
v 26.6304 3.62977 0
v 26.2063 3.70933 0
v 25.7954 3.78553 0
v 25.3983 3.85837 0
v 25.0156 3.92781 0
v 24.6477 3.99383 0
v 24.2955 4.0564 0
v 23.9593 4.11549 0
v 23.6397 4.17109 0
v 23.3375 4.22316 0
v 23.053 4.27167 0
v 22.787 4.31661 0
v 22.54 4.35794 0
v 22.3126 4.39565 0
v 22.1053 4.4297 0
v 21.9187 4.46007 0
v 21.7534 4.48673 0
v 21.61 4.50967 0
v 21.4891 4.52884 0
v 21.3912 4.54423 0
v 21.317 4.55581 0
v 21.2606 6.96411 0
v 20.4933 9.53284 0
v 19.0167 9.84946 0
v 17.5552 10.1387 0
v 16.1096 10.4014 0
v 14.6805 10.6386 0
v 13.2687 10.8511 0
v 11.8749 11.0398 0
v 10.4997 11.2056 0
v 9.14395 11.3493 0
v 7.80826 11.472 0
v 6.49338 11.5745 0
v 5.20001 11.6577 0
v 3.92886 11.7225 0
v 2.68063 11.7698 0
v 1.45604 11.8005 0
v 0.255787 11.8154 0
v -0.919417 11.8156 0
v -2.06886 11.8018 0
v -3.19185 11.775 0
v -4.28766 11.7361 0
v -5.35558 11.686 0
v -6.39493 11.6256 0
v -7.40497 11.5557 0
v -8.38501 11.4773 0
v -9.33434 11.3912 0
v -10.2522 11.2985 0
v -11.138 11.1999 0
v -11.991 11.0963 0
v -12.8104 10.9887 0
v -13.5955 10.878 0
v -14.3457 10.765 0
v -15.0602 10.6507 0
v -15.7384 10.536 0
v -16.3795 10.4216 0
v -16.9827 10.3087 0
v -17.5475 10.1979 0
v -18.0731 10.0904 0
v -18.5587 9.98682 0
v -19.0038 9.88821 0
v -19.4075 9.79544 0
v -19.7691 9.70941 0
v -20.0881 9.631 0
v -20.3635 9.56112 0
v -20.5948 9.50067 0
v -20.7813 9.45055 0
v -20.9221 9.41164 0
v -21.0167 9.38486 0
v -21.0643 6.85185 0
v -21.2972 4.32652 0
v -21.7451 4.31636 0
v -22.2051 4.2963 0
v -22.6764 4.26668 0
v -23.1585 4.22781 0
v -23.6507 4.18003 0
v -24.1525 4.12364 0
v -24.6631 4.05899 0
v -25.1821 3.98639 0
v -25.7087 3.90617 0
v -26.2424 3.81865 0
v -26.7826 3.72416 0
v -27.3286 3.62302 0
v -27.8798 3.51556 0
v -28.4355 3.40209 0
v -28.9953 3.28295 0
v -29.5584 3.15845 0
v -30.1243 3.02893 0
v -30.6923 2.89471 0
v -31.2618 2.75611 0
v -31.8323 2.61345 0
v -32.403 2.46706 0
v -32.9733 2.31727 0
v -33.5428 2.1644 0
v -34.1106 2.00877 0
v -34.6763 1.85071 0
v -35.2392 1.69053 0
v -35.7986 1.52858 0
v -36.3541 1.36516 0
v -36.9049 1.20061 0
v -37.4504 1.03525 0
v -37.99 0.869406 0
v -38.5232 0.703397 0
v -39.0492 0.53755 0
v -39.5675 0.372189 0
v -40.0775 0.207639 0
v -40.5785 0.0442248 0
v -41.0699 -0.11773 0
v -41.5511 -0.277902 0
v -42.0215 -0.435964 0
v -42.4805 -0.591595 0
v -42.9275 -0.744468 0
v -43.3618 -0.894261 0
v -43.7828 -1.04065 0
v -44.1899 -1.1833 0
v -44.5825 -1.32191 0
v -44.96 -1.45613 0
v -45.3218 -1.58565 0
v -45.6672 -1.71014 0
v -45.9956 -1.82929 0
v -46.3065 -1.94275 0
v -46.5991 -2.05022 0
v -46.8729 -2.15136 0
v -47.1273 -2.24585 0
v -47.3616 -2.33337 0
v -47.5753 -2.41359 0
v -47.7676 -2.48619 0
v -47.9381 -2.55084 0
v -48.0861 -2.60722 0
v -48.2109 -2.65501 0
v -48.3119 -2.69388 0
v -48.3886 -2.7235 0
v -48.4469 -2.74612 0
v -46.8506 -7.2877 0
v -45.1767 -11.7902 0
v -45.0852 -11.7393 0
v -44.9941 -11.6896 0
v -44.8805 -11.6285 0
v -44.7444 -11.5564 0
v -44.5861 -11.4738 0
v -44.4056 -11.381 0
v -44.2031 -11.2784 0
v -43.9785 -11.1665 0
v -43.7322 -11.0457 0
v -43.464 -10.9164 0
v -43.1743 -10.779 0
v -42.8631 -10.6339 0
v -42.5304 -10.4815 0
v -42.1765 -10.3224 0
v -41.8013 -10.1568 0
v -41.4051 -9.98516 0
v -40.9879 -9.80794 0
v -40.5499 -9.62555 0
v -40.0911 -9.43838 0
v -39.6117 -9.24686 0
v -39.1118 -9.0514 0
v -38.5915 -8.85241 0
v -38.0508 -8.65032 0
v -37.49 -8.44553 0
v -36.9091 -8.23846 0
v -36.3082 -8.02952 0
v -35.6875 -7.81913 0
v -35.047 -7.60771 0
v -34.3869 -7.39566 0
v -33.7073 -7.1834 0
v -33.0082 -6.97136 0
v -32.2898 -6.75993 0
v -31.5522 -6.54954 0
v -30.7956 -6.3406 0
v -30.02 -6.13353 0
v -29.2255 -5.92874 0
v -28.4122 -5.72665 0
v -27.5803 -5.52766 0
v -26.7299 -5.3322 0
v -25.861 -5.14068 0
v -24.9739 -4.95352 0
v -24.0685 -4.77112 0
v -23.145 -4.59391 0
v -22.2036 -4.42229 0
v -21.2443 -4.25669 0
v -20.2672 -4.09752 0
v -19.2725 -3.94518 0
v -18.2602 -3.80011 0
v -17.2305 -3.66271 0
v -16.1835 -3.53339 0
v -15.1193 -3.41258 0
v -14.0379 -3.30068 0
v -12.9396 -3.19811 0
v -11.8244 -3.10529 0
v -10.6925 -3.02263 0
v -9.54387 -2.95054 0
v -8.37871 -2.88944 0
v -7.19712 -2.83974 0
v -5.9992 -2.80187 0
v -4.78507 -2.77623 0
v -3.55483 -2.76323 0
v -2.3086 -2.7633 0
v -1.04648 -2.77685 0
v 0.231405 -2.80429 0
v 1.52496 -2.84603 0
v 2.83406 -2.9025 0
v 4.1586 -2.97411 0
v 5.49848 -3.06126 0
v 6.85358 -3.16438 0
v 8.22378 -3.28388 0
v 9.60899 -3.42018 0
v 11.0091 -3.57369 0
v 12.424 -3.74482 0
v 13.8535 -3.93399 0
v 15.2976 -4.14161 0
v 16.7562 -4.3681 0
v 18.2291 -4.61388 0
v 19.7162 -4.87936 0
v 21.2174 -5.16494 0
v 22.7326 -5.47106 0
v 24.2618 -5.79811 0
v 25.8047 -6.14653 0
v 27.3613 -6.51671 0
v 28.9314 -6.90908 0
v 30.5151 -7.32405 0
v 32.112 -7.76204 0
v 33.7222 -8.22346 0
v 35.3455 -8.70872 0
v 36.9818 -9.21825 0
v 38.6311 -9.75244 0
v 40.2931 -10.3117 0
v 41.9678 -10.8965 0
v 43.655 -11.5072 0


# Vertex Texture Coordinates :
vt 0.857213 0
vt 0.893827 0.0878364
vt 0.889571 0.0896404
vt 0.885216 0.0914234
vt 0.880766 0.0931852
vt 0.876227 0.0949256
vt 0.871604 0.0966442
vt 0.866902 0.0983409
vt 0.862128 0.100015
vt 0.857286 0.101668
vt 0.852382 0.103297
vt 0.84742 0.104904
vt 0.842407 0.106487
vt 0.837347 0.108047
vt 0.832246 0.109584
vt 0.82711 0.111097
vt 0.821943 0.112585
vt 0.816751 0.11405
vt 0.81154 0.115489
vt 0.806314 0.116904
vt 0.801079 0.118294
vt 0.79584 0.119659
vt 0.790603 0.120998
vt 0.785373 0.122312
vt 0.780155 0.123599
vt 0.774955 0.12486
vt 0.769778 0.126095
vt 0.764629 0.127303
vt 0.759514 0.128485
vt 0.754438 0.129639
vt 0.749406 0.130765
vt 0.744424 0.131864
vt 0.739497 0.132936
vt 0.73463 0.133979
vt 0.729829 0.134993
vt 0.725099 0.135979
vt 0.720446 0.136937
vt 0.715874 0.137865
vt 0.711389 0.138764
vt 0.706996 0.139633
vt 0.702701 0.140473
vt 0.69851 0.141282
vt 0.694426 0.142062
vt 0.690457 0.142811
vt 0.686606 0.143529
vt 0.68288 0.144216
vt 0.679284 0.144872
vt 0.675822 0.145496
vt 0.672501 0.146089
vt 0.669326 0.14665
vt 0.666302 0.147179
vt 0.663434 0.147675
vt 0.660728 0.148139
vt 0.658189 0.14857
vt 0.655823 0.148968
vt 0.653634 0.149332
vt 0.651629 0.149663
vt 0.649812 0.14996
vt 0.648188 0.150223
vt 0.646764 0.150452
vt 0.645545 0.150646
vt 0.644535 0.150805
vt 0.64374 0.150929
vt 0.643166 0.151019
vt 0.6427 0.195338
vt 0.629017 0.198385
vt 0.615471 0.201176
vt 0.602068 0.203719
vt 0.588815 0.206021
vt 0.575717 0.208092
vt 0.562781 0.209939
vt 0.550015 0.211571
vt 0.537424 0.212996
vt 0.525015 0.214223
vt 0.512794 0.215259
vt 0.500769 0.216113
vt 0.488945 0.216793
vt 0.477329 0.217307
vt 0.465928 0.217665
vt 0.454748 0.217873
vt 0.443796 0.217941
vt 0.433078 0.217876
vt 0.4226 0.217687
vt 0.41237 0.217382
vt 0.402394 0.216969
vt 0.392678 0.216458
vt 0.383229 0.215855
vt 0.374053 0.215169
vt 0.365157 0.214409
vt 0.356548 0.213583
vt 0.348231 0.212698
vt 0.340214 0.211764
vt 0.332503 0.210789
vt 0.325105 0.20978
vt 0.318025 0.208747
vt 0.311271 0.207697
vt 0.30485 0.206639
vt 0.298767 0.205581
vt 0.293029 0.204531
vt 0.287642 0.203498
vt 0.282614 0.202489
vt 0.277951 0.201514
vt 0.273659 0.20058
vt 0.269745 0.199696
vt 0.266215 0.198869
vt 0.263076 0.198109
vt 0.260334 0.197424
vt 0.257996 0.196821
vt 0.256069 0.196309
vt 0.254558 0.195897
vt 0.253471 0.195592
vt 0.252814 0.195403
vt 0.252594 0.148884
vt 0.24852 0.148836
vt 0.244334 0.148696
vt 0.240039 0.148467
vt 0.235642 0.14815
vt 0.23115 0.14775
vt 0.226566 0.147269
vt 0.221897 0.14671
vt 0.217149 0.146077
vt 0.212328 0.145372
vt 0.207438 0.144598
vt 0.202487 0.143758
vt 0.197478 0.142855
vt 0.192419 0.141893
vt 0.187315 0.140874
vt 0.18217 0.1398
vt 0.176993 0.138677
vt 0.171787 0.137505
vt 0.166558 0.136288
vt 0.161313 0.13503
vt 0.156056 0.133732
vt 0.150794 0.132399
vt 0.145533 0.131033
vt 0.140277 0.129637
vt 0.135033 0.128214
vt 0.129806 0.126767
vt 0.124602 0.1253
vt 0.119426 0.123814
vt 0.114285 0.122313
vt 0.109184 0.120801
vt 0.104129 0.119279
vt 0.0991252 0.117751
vt 0.0941783 0.116221
vt 0.0892942 0.11469
vt 0.0844784 0.113163
vt 0.0797368 0.111641
vt 0.0750749 0.110128
vt 0.0704985 0.108628
vt 0.0660132 0.107142
vt 0.0616248 0.105674
vt 0.0573389 0.104227
vt 0.0531611 0.102804
vt 0.0490972 0.101408
vt 0.0451529 0.100042
vt 0.0413338 0.0987091
vt 0.0376456 0.0974117
vt 0.034094 0.0961533
vt 0.0306847 0.0949367
vt 0.0274233 0.093765
vt 0.0243156 0.0926411
vt 0.0213672 0.091568
vt 0.0185838 0.0905488
vt 0.0159711 0.0895864
vt 0.0135347 0.0886838
vt 0.0112804 0.087844
vt 0.00921383 0.08707
vt 0.00734067 0.0863648
vt 0.0056666 0.0857313
vt 0.00419731 0.0851726
vt 0.00293847 0.0846916
vt 0.00189577 0.0842914
vt 0.00107489 0.0839749
vt 0.000481519 0.0837452
vt 0 0.0835578
vt 0.029917 0
vt 0.0308669 0.000533368
vt 0.0316031 0.000938014
vt 0.0325472 0.00144972
vt 0.0336984 0.00206465
vt 0.0350557 0.00277899
vt 0.0366179 0.00358892
vt 0.038384 0.00449061
vt 0.0403531 0.00548024
vt 0.0425242 0.00655399
vt 0.0448962 0.00770802
vt 0.047468 0.00893853
vt 0.0502388 0.0102417
vt 0.0532074 0.0116137
vt 0.0563729 0.0130506
vt 0.0597342 0.0145488
vt 0.0632903 0.0161043
vt 0.0670401 0.0177133
vt 0.0709828 0.019372
vt 0.0751172 0.0210766
vt 0.0794423 0.0228233
vt 0.0839572 0.0246082
vt 0.0886608 0.0264275
vt 0.093552 0.0282774
vt 0.0986299 0.0301541
vt 0.103893 0.0320537
vt 0.109342 0.0339724
vt 0.114973 0.0359064
vt 0.120788 0.0378519
vt 0.126784 0.039805
vt 0.13296 0.041762
vt 0.139316 0.043719
vt 0.145851 0.0456721
vt 0.152563 0.0476176
vt 0.159451 0.0495516
vt 0.166515 0.0514703
vt 0.173754 0.0533699
vt 0.181166 0.0552466
vt 0.18875 0.0570965
vt 0.196505 0.0589158
vt 0.204431 0.0607007
vt 0.212527 0.0624474
vt 0.220791 0.064152
vt 0.229222 0.0658107
vt 0.237819 0.0674197
vt 0.246581 0.0689752
vt 0.255508 0.0704734
vt 0.264598 0.0719103
vt 0.273851 0.0732823
vt 0.283264 0.0745855
vt 0.292838 0.075816
vt 0.302571 0.07697
vt 0.312462 0.0780437
vt 0.32251 0.0790334
vt 0.332714 0.0799351
vt 0.343074 0.080745
vt 0.353587 0.0814593
vt 0.364254 0.0820743
vt 0.375072 0.082586
vt 0.386042 0.0829906
vt 0.397162 0.0832844
vt 0.40843 0.0834635
vt 0.419847 0.083524
vt 0.43141 0.0834622
vt 0.44312 0.0832742
vt 0.454974 0.0829562
vt 0.466972 0.0825044
vt 0.479114 0.081915
vt 0.491397 0.0811841
vt 0.503821 0.0803079
vt 0.516384 0.0792825
vt 0.529087 0.0781043
vt 0.541927 0.0767693
vt 0.554904 0.0752737
vt 0.568017 0.0736137
vt 0.581264 0.0717854
vt 0.594646 0.0697852
vt 0.60816 0.067609
vt 0.621805 0.0652531
vt 0.635581 0.0627137
vt 0.649487 0.059987
vt 0.663522 0.0570691
vt 0.677684 0.0539562
vt 0.691973 0.0506444
vt 0.706387 0.0471301
vt 0.720926 0.0434093
vt 0.735589 0.0394781
vt 0.750373 0.0353329
vt 0.76528 0.0309697
vt 0.780307 0.0263848
vt 0.795453 0.0215743
vt 0.810718 0.0165344
vt 0.8261 0.0112613
vt 0.841599 0.00575107
vt 0.0366142 0.228912
vt 0 0.316749
vt 0.0042558 0.318553
vt 0.00861137 0.320336
vt 0.0130614 0.322097
vt 0.0176005 0.323838
vt 0.0222233 0.325556
vt 0.0269246 0.327253
vt 0.0316989 0.328928
vt 0.036541 0.33058
vt 0.0414455 0.332209
vt 0.046407 0.333816
vt 0.0514203 0.335399
vt 0.05648 0.33696
vt 0.0615807 0.338496
vt 0.0667172 0.340009
vt 0.071884 0.341497
vt 0.0770759 0.342962
vt 0.0822875 0.344402
vt 0.0875134 0.345817
vt 0.0927484 0.347207
vt 0.0979871 0.348571
vt 0.103224 0.34991
vt 0.108454 0.351224
vt 0.113672 0.352511
vt 0.118872 0.353773
vt 0.124049 0.355008
vt 0.129198 0.356216
vt 0.134313 0.357397
vt 0.139389 0.358551
vt 0.144421 0.359678
vt 0.149403 0.360777
vt 0.15433 0.361848
vt 0.159197 0.362891
vt 0.163998 0.363906
vt 0.168728 0.364892
vt 0.173381 0.365849
vt 0.177953 0.366777
vt 0.182438 0.367676
vt 0.186831 0.368545
vt 0.191126 0.369385
vt 0.195317 0.370195
vt 0.199401 0.370974
vt 0.20337 0.371723
vt 0.207221 0.372441
vt 0.210947 0.373128
vt 0.214544 0.373784
vt 0.218005 0.374409
vt 0.221326 0.375001
vt 0.224501 0.375562
vt 0.227525 0.376091
vt 0.230393 0.376587
vt 0.233099 0.377051
vt 0.235638 0.377482
vt 0.238004 0.37788
vt 0.240193 0.378244
vt 0.242198 0.378575
vt 0.244015 0.378872
vt 0.245639 0.379135
vt 0.247063 0.379364
vt 0.248282 0.379558
vt 0.249292 0.379717
vt 0.250087 0.379842
vt 0.250661 0.379931
vt 0.251127 0.42425
vt 0.26481 0.427298
vt 0.278356 0.430088
vt 0.291759 0.432631
vt 0.305012 0.434933
vt 0.31811 0.437004
vt 0.331046 0.438851
vt 0.343812 0.440483
vt 0.356403 0.441908
vt 0.368812 0.443135
vt 0.381033 0.444171
vt 0.393058 0.445025
vt 0.404882 0.445705
vt 0.416498 0.44622
vt 0.427899 0.446577
vt 0.439079 0.446785
vt 0.450031 0.446853
vt 0.460749 0.446788
vt 0.471227 0.446599
vt 0.481457 0.446294
vt 0.491433 0.445882
vt 0.501149 0.44537
vt 0.510598 0.444767
vt 0.519774 0.444081
vt 0.52867 0.443321
vt 0.537279 0.442495
vt 0.545596 0.44161
vt 0.553613 0.440677
vt 0.561324 0.439701
vt 0.568722 0.438693
vt 0.575802 0.437659
vt 0.582556 0.43661
vt 0.588977 0.435551
vt 0.59506 0.434493
vt 0.600798 0.433443
vt 0.606185 0.43241
vt 0.611213 0.431402
vt 0.615876 0.430426
vt 0.620168 0.429492
vt 0.624082 0.428608
vt 0.627612 0.427782
vt 0.630751 0.427022
vt 0.633493 0.426336
vt 0.635831 0.425733
vt 0.637758 0.425221
vt 0.639269 0.424809
vt 0.640356 0.424504
vt 0.641013 0.424315
vt 0.641233 0.377796
vt 0.645307 0.377749
vt 0.649493 0.377609
vt 0.653788 0.377379
vt 0.658185 0.377062
vt 0.662677 0.376662
vt 0.667261 0.376181
vt 0.67193 0.375622
vt 0.676678 0.374989
vt 0.681499 0.374284
vt 0.686389 0.37351
vt 0.69134 0.37267
vt 0.696349 0.371767
vt 0.701408 0.370805
vt 0.706513 0.369786
vt 0.711657 0.368713
vt 0.716834 0.367589
vt 0.72204 0.366417
vt 0.727269 0.3652
vt 0.732514 0.363942
vt 0.737771 0.362645
vt 0.743033 0.361312
vt 0.748294 0.359945
vt 0.75355 0.358549
vt 0.758794 0.357126
vt 0.764021 0.35568
vt 0.769225 0.354212
vt 0.774401 0.352726
vt 0.779542 0.351225
vt 0.784643 0.349713
vt 0.789698 0.348191
vt 0.794702 0.346664
vt 0.799649 0.345133
vt 0.804533 0.343602
vt 0.809349 0.342075
vt 0.81409 0.340553
vt 0.818752 0.339041
vt 0.823329 0.33754
vt 0.827814 0.336054
vt 0.832202 0.334586
vt 0.836488 0.33314
vt 0.840666 0.331717
vt 0.84473 0.330321
vt 0.848674 0.328955
vt 0.852493 0.327621
vt 0.856181 0.326324
vt 0.859733 0.325066
vt 0.863142 0.323849
vt 0.866404 0.322677
vt 0.869511 0.321553
vt 0.87246 0.32048
vt 0.875243 0.319461
vt 0.877856 0.318499
vt 0.880292 0.317596
vt 0.882547 0.316756
vt 0.884613 0.315982
vt 0.886486 0.315277
vt 0.88816 0.314644
vt 0.88963 0.314085
vt 0.890889 0.313604
vt 0.891931 0.313204
vt 0.892752 0.312887
vt 0.893345 0.312657
vt 0.893827 0.31247
vt 0.86391 0.228912
vt 0.86296 0.229446
vt 0.862224 0.22985
vt 0.86128 0.230362
vt 0.860129 0.230977
vt 0.858771 0.231691
vt 0.857209 0.232501
vt 0.855443 0.233403
vt 0.853474 0.234392
vt 0.851303 0.235466
vt 0.848931 0.23662
vt 0.846359 0.237851
vt 0.843588 0.239154
vt 0.84062 0.240526
vt 0.837454 0.241963
vt 0.834093 0.243461
vt 0.830537 0.245017
vt 0.826787 0.246626
vt 0.822844 0.248284
vt 0.81871 0.249989
vt 0.814385 0.251736
vt 0.80987 0.25352
vt 0.805166 0.25534
vt 0.800275 0.25719
vt 0.795197 0.259066
vt 0.789934 0.260966
vt 0.784485 0.262885
vt 0.778854 0.264819
vt 0.773039 0.266764
vt 0.767043 0.268717
vt 0.760867 0.270674
vt 0.754511 0.272631
vt 0.747976 0.274584
vt 0.741264 0.27653
vt 0.734376 0.278464
vt 0.727312 0.280383
vt 0.720073 0.282282
vt 0.712661 0.284159
vt 0.705077 0.286009
vt 0.697322 0.287828
vt 0.689396 0.289613
vt 0.6813 0.29136
vt 0.673036 0.293064
vt 0.664605 0.294723
vt 0.656008 0.296332
vt 0.647246 0.297887
vt 0.638319 0.299386
vt 0.629229 0.300823
vt 0.619976 0.302195
vt 0.610563 0.303498
vt 0.600989 0.304728
vt 0.591256 0.305882
vt 0.581365 0.306956
vt 0.571317 0.307946
vt 0.561113 0.308847
vt 0.550753 0.309657
vt 0.54024 0.310372
vt 0.529573 0.310987
vt 0.518755 0.311498
vt 0.507785 0.311903
vt 0.496665 0.312197
vt 0.485397 0.312376
vt 0.47398 0.312436
vt 0.462417 0.312374
vt 0.450707 0.312186
vt 0.438853 0.311868
vt 0.426855 0.311417
vt 0.414713 0.310827
vt 0.40243 0.310096
vt 0.390006 0.30922
vt 0.377443 0.308195
vt 0.36474 0.307017
vt 0.3519 0.305682
vt 0.338923 0.304186
vt 0.32581 0.302526
vt 0.312563 0.300698
vt 0.299181 0.298697
vt 0.285667 0.296521
vt 0.272022 0.294165
vt 0.258246 0.291626
vt 0.24434 0.288899
vt 0.230305 0.285981
vt 0.216143 0.282868
vt 0.201854 0.279557
vt 0.18744 0.276042
vt 0.172901 0.272321
vt 0.158239 0.26839
vt 0.143454 0.264245
vt 0.128547 0.259882
vt 0.11352 0.255297
vt 0.0983739 0.250487
vt 0.0831091 0.245447
vt 0.0677268 0.240174
vt 0.0522282 0.234663
vt 0.904838 6.19959e-05
vt 1 6.19959e-05
vt 0.000103818 0.457886
vt 0.00472619 0.457886
vt 0.00943258 0.457886
vt 0.0142186 0.457886
vt 0.0190799 0.457886
vt 0.0240119 0.457886
vt 0.02901 0.457886
vt 0.0340695 0.457886
vt 0.0391857 0.457886
vt 0.0443538 0.457886
vt 0.049569 0.457886
vt 0.0548264 0.457886
vt 0.0601211 0.457886
vt 0.0654483 0.457886
vt 0.0708028 0.457886
vt 0.0761798 0.457886
vt 0.0815743 0.457886
vt 0.0869811 0.457886
vt 0.0923952 0.457886
vt 0.0978116 0.457886
vt 0.103225 0.457886
vt 0.108631 0.457886
vt 0.114023 0.457886
vt 0.119397 0.457886
vt 0.124748 0.457886
vt 0.130071 0.457886
vt 0.135359 0.457886
vt 0.140609 0.457886
vt 0.145815 0.457886
vt 0.150971 0.457886
vt 0.156073 0.457886
vt 0.161115 0.457886
vt 0.166092 0.457886
vt 0.170999 0.457886
vt 0.175831 0.457886
vt 0.180582 0.457886
vt 0.185247 0.457886
vt 0.189821 0.457886
vt 0.194299 0.457886
vt 0.198675 0.457886
vt 0.202944 0.457886
vt 0.207101 0.457886
vt 0.211141 0.457886
vt 0.215058 0.457886
vt 0.218847 0.457886
vt 0.222503 0.457886
vt 0.22602 0.457886
vt 0.229394 0.457886
vt 0.232618 0.457886
vt 0.235688 0.457886
vt 0.238598 0.457886
vt 0.241344 0.457886
vt 0.243919 0.457886
vt 0.246318 0.457886
vt 0.248537 0.457886
vt 0.25057 0.457886
vt 0.252411 0.457886
vt 0.254055 0.457886
vt 0.255498 0.457886
vt 0.256733 0.457886
vt 0.257755 0.457886
vt 0.25856 0.457886
vt 0.259141 0.457886
vt 0.904836 0.228974
vt 0.949157 0.228974
vt 0.270163 0.457886
vt 0.28418 0.457886
vt 0.298011 0.457886
vt 0.311653 0.457886
vt 0.325105 0.457886
vt 0.338366 0.457886
vt 0.351432 0.457886
vt 0.364303 0.457886
vt 0.376974 0.457886
vt 0.389444 0.457886
vt 0.401708 0.457886
vt 0.413764 0.457886
vt 0.425607 0.457886
vt 0.437234 0.457886
vt 0.448641 0.457886
vt 0.459823 0.457886
vt 0.470776 0.457886
vt 0.481494 0.457886
vt 0.491973 0.457886
vt 0.502207 0.457886
vt 0.512192 0.457886
vt 0.521922 0.457886
vt 0.53139 0.457886
vt 0.540591 0.457886
vt 0.54952 0.457886
vt 0.558169 0.457886
vt 0.566532 0.457886
vt 0.574603 0.457886
vt 0.582376 0.457886
vt 0.589843 0.457886
vt 0.596997 0.457886
vt 0.603832 0.457886
vt 0.61034 0.457886
vt 0.616515 0.457886
vt 0.622348 0.457886
vt 0.627833 0.457886
vt 0.632961 0.457886
vt 0.637725 0.457886
vt 0.642117 0.457886
vt 0.64613 0.457886
vt 0.649756 0.457886
vt 0.652986 0.457886
vt 0.655812 0.457886
vt 0.658226 0.457886
vt 0.66022 0.457886
vt 0.661786 0.457886
vt 0.662915 0.457886
vt 0.663599 0.457886
vt 0.674606 0.457886
vt 0.721126 0.457886
vt 0.73219 0.457886
vt 0.736264 0.457886
vt 0.740453 0.457886
vt 0.744754 0.457886
vt 0.749162 0.457886
vt 0.753672 0.457886
vt 0.758281 0.457886
vt 0.762983 0.457886
vt 0.767773 0.457886
vt 0.772646 0.457886
vt 0.777596 0.457886
vt 0.782619 0.457886
vt 0.787708 0.457886
vt 0.792858 0.457886
vt 0.798063 0.457886
vt 0.803318 0.457886
vt 0.808616 0.457886
vt 0.813953 0.457886
vt 0.819321 0.457886
vt 0.824715 0.457886
vt 0.830129 0.457886
vt 0.835557 0.457886
vt 0.840994 0.457886
vt 0.846432 0.457886
vt 0.851865 0.457886
vt 0.857289 0.457886
vt 0.862696 0.457886
vt 0.86808 0.457886
vt 0.873436 0.457886
vt 0.878756 0.457886
vt 0.884036 0.457886
vt 0.889268 0.457886
vt 0.894446 0.457886
vt 0.899564 0.457886
vt 0.904616 0.457886
vt 0.909596 0.457886
vt 0.914497 0.457886
vt 0.919313 0.457886
vt 0.924038 0.457886
vt 0.928666 0.457886
vt 0.933189 0.457886
vt 0.937603 0.457886
vt 0.9419 0.457886
vt 0.946074 0.457886
vt 0.950119 0.457886
vt 0.954029 0.457886
vt 0.957797 0.457886
vt 0.961417 0.457886
vt 0.964882 0.457886
vt 0.968187 0.457886
vt 0.971324 0.457886
vt 0.974289 0.457886
vt 0.977073 0.457886
vt 0.979671 0.457886
vt 0.982077 0.457886
vt 0.984284 0.457886
vt 0.986285 0.457886
vt 0.988075 0.457886
vt 0.989647 0.457886
vt 0.990994 0.457886
vt 0.992111 0.457886
vt 0.992991 0.457886
vt 0.993627 0.457886
vt 0.994144 0.457886
vt 3.16289e-05 0.607367
vt 0.0887837 0.607367
vt 0.270184 0.607367
vt 0.271274 0.607367
vt 0.272114 0.607367
vt 0.273188 0.607367
vt 0.274493 0.607367
vt 0.276027 0.607367
vt 0.277786 0.607367
vt 0.279769 0.607367
vt 0.281973 0.607367
vt 0.284395 0.607367
vt 0.287033 0.607367
vt 0.289884 0.607367
vt 0.292946 0.607367
vt 0.296216 0.607367
vt 0.299693 0.607367
vt 0.303373 0.607367
vt 0.307254 0.607367
vt 0.311335 0.607367
vt 0.315612 0.607367
vt 0.320084 0.607367
vt 0.324749 0.607367
vt 0.329603 0.607367
vt 0.334647 0.607367
vt 0.339876 0.607367
vt 0.34529 0.607367
vt 0.350885 0.607367
vt 0.356662 0.607367
vt 0.362616 0.607367
vt 0.368747 0.607367
vt 0.375053 0.607367
vt 0.381532 0.607367
vt 0.388183 0.607367
vt 0.395003 0.607367
vt 0.401991 0.607367
vt 0.409146 0.607367
vt 0.416466 0.607367
vt 0.42395 0.607367
vt 0.431595 0.607367
vt 0.439402 0.607367
vt 0.447368 0.607367
vt 0.455493 0.607367
vt 0.463774 0.607367
vt 0.472212 0.607367
vt 0.480805 0.607367
vt 0.489551 0.607367
vt 0.498451 0.607367
vt 0.507503 0.607367
vt 0.516706 0.607367
vt 0.526059 0.607367
vt 0.535562 0.607367
vt 0.545215 0.607367
vt 0.555016 0.607367
vt 0.564965 0.607367
vt 0.575062 0.607367
vt 0.585306 0.607367
vt 0.595697 0.607367
vt 0.606235 0.607367
vt 0.616919 0.607367
vt 0.62775 0.607367
vt 0.638727 0.607367
vt 0.64985 0.607367
vt 0.66112 0.607367
vt 0.672537 0.607367
vt 0.684101 0.607367
vt 0.695812 0.607367
vt 0.70767 0.607367
vt 0.719677 0.607367
vt 0.731833 0.607367
vt 0.744137 0.607367
vt 0.756592 0.607367
vt 0.769197 0.607367
vt 0.781954 0.607367
vt 0.794864 0.607367
vt 0.807927 0.607367
vt 0.821144 0.607367
vt 0.834517 0.607367
vt 0.848047 0.607367
vt 0.861735 0.607367
vt 0.875583 0.607367
vt 0.889591 0.607367
vt 0.903762 0.607367
vt 0.918097 0.607367
vt 0.932597 0.607367
vt 0.947265 0.607367
vt 0.962101 0.607367
vt 0.0997798 0.607367
vt 0.114787 0.607367
vt 0.129968 0.607367
vt 0.145323 0.607367
vt 0.160854 0.607367
vt 0.176565 0.607367
vt 0.192457 0.607367
vt 0.208532 0.607367
vt 0.224793 0.607367
vt 0.241242 0.607367
vt 0.257882 0.607367
vt 0.904838 0.138447
vt 1 0.138447
vt 0.000103818 0.596271
vt 0.00472619 0.596271
vt 0.00943258 0.596271
vt 0.0142186 0.596271
vt 0.0190799 0.596271
vt 0.0240119 0.596271
vt 0.02901 0.596271
vt 0.0340695 0.596271
vt 0.0391857 0.596271
vt 0.0443538 0.596271
vt 0.049569 0.596271
vt 0.0548264 0.596271
vt 0.0601211 0.596271
vt 0.0654483 0.596271
vt 0.0708028 0.596271
vt 0.0761798 0.596271
vt 0.0815743 0.596271
vt 0.0869811 0.596271
vt 0.0923952 0.596271
vt 0.0978116 0.596271
vt 0.103225 0.596271
vt 0.108631 0.596271
vt 0.114023 0.596271
vt 0.119397 0.596271
vt 0.124748 0.596271
vt 0.130071 0.596271
vt 0.135359 0.596271
vt 0.140609 0.596271
vt 0.145815 0.596271
vt 0.150971 0.596271
vt 0.156073 0.596271
vt 0.161115 0.596271
vt 0.166092 0.596271
vt 0.170999 0.596271
vt 0.175831 0.596271
vt 0.180582 0.596271
vt 0.185247 0.596271
vt 0.189821 0.596271
vt 0.194299 0.596271
vt 0.198675 0.596271
vt 0.202944 0.596271
vt 0.207101 0.596271
vt 0.211141 0.596271
vt 0.215058 0.596271
vt 0.218847 0.596271
vt 0.222503 0.596271
vt 0.22602 0.596271
vt 0.229394 0.596271
vt 0.232618 0.596271
vt 0.235688 0.596271
vt 0.238598 0.596271
vt 0.241344 0.596271
vt 0.243919 0.596271
vt 0.246318 0.596271
vt 0.248537 0.596271
vt 0.25057 0.596271
vt 0.252411 0.596271
vt 0.254055 0.596271
vt 0.255498 0.596271
vt 0.256733 0.596271
vt 0.257755 0.596271
vt 0.25856 0.596271
vt 0.259141 0.596271
vt 0.904836 0.367359
vt 0.949157 0.367359
vt 0.270163 0.596271
vt 0.28418 0.596271
vt 0.298011 0.596271
vt 0.311653 0.596271
vt 0.325105 0.596271
vt 0.338366 0.596271
vt 0.351432 0.596271
vt 0.364303 0.596271
vt 0.376974 0.596271
vt 0.389444 0.596271
vt 0.401708 0.596271
vt 0.413764 0.596271
vt 0.425607 0.596271
vt 0.437234 0.596271
vt 0.448641 0.596271
vt 0.459823 0.596271
vt 0.470776 0.596271
vt 0.481494 0.596271
vt 0.491973 0.596271
vt 0.502207 0.596271
vt 0.512192 0.596271
vt 0.521922 0.596271
vt 0.53139 0.596271
vt 0.540591 0.596271
vt 0.54952 0.596271
vt 0.558169 0.596271
vt 0.566532 0.596271
vt 0.574603 0.596271
vt 0.582376 0.596271
vt 0.589843 0.596271
vt 0.596997 0.596271
vt 0.603832 0.596271
vt 0.61034 0.596271
vt 0.616515 0.596271
vt 0.622348 0.596271
vt 0.627833 0.596271
vt 0.632961 0.596271
vt 0.637725 0.596271
vt 0.642117 0.596271
vt 0.64613 0.596271
vt 0.649756 0.596271
vt 0.652986 0.596271
vt 0.655812 0.596271
vt 0.658226 0.596271
vt 0.66022 0.596271
vt 0.661786 0.596271
vt 0.662915 0.596271
vt 0.663599 0.596271
vt 0.674606 0.596271
vt 0.721126 0.596271
vt 0.73219 0.596271
vt 0.736264 0.596271
vt 0.740453 0.596271
vt 0.744754 0.596271
vt 0.749162 0.596271
vt 0.753672 0.596271
vt 0.758281 0.596271
vt 0.762983 0.596271
vt 0.767773 0.596271
vt 0.772646 0.596271
vt 0.777596 0.596271
vt 0.782619 0.596271
vt 0.787708 0.596271
vt 0.792858 0.596271
vt 0.798063 0.596271
vt 0.803318 0.596271
vt 0.808616 0.596271
vt 0.813953 0.596271
vt 0.819321 0.596271
vt 0.824715 0.596271
vt 0.830129 0.596271
vt 0.835557 0.596271
vt 0.840994 0.596271
vt 0.846432 0.596271
vt 0.851865 0.596271
vt 0.857289 0.596271
vt 0.862696 0.596271
vt 0.86808 0.596271
vt 0.873436 0.596271
vt 0.878756 0.596271
vt 0.884036 0.596271
vt 0.889268 0.596271
vt 0.894446 0.596271
vt 0.899564 0.596271
vt 0.904616 0.596271
vt 0.909596 0.596271
vt 0.914497 0.596271
vt 0.919313 0.596271
vt 0.924038 0.596271
vt 0.928666 0.596271
vt 0.933189 0.596271
vt 0.937603 0.596271
vt 0.9419 0.596271
vt 0.946074 0.596271
vt 0.950119 0.596271
vt 0.954029 0.596271
vt 0.957797 0.596271
vt 0.961417 0.596271
vt 0.964882 0.596271
vt 0.968187 0.596271
vt 0.971324 0.596271
vt 0.974289 0.596271
vt 0.977073 0.596271
vt 0.979671 0.596271
vt 0.982077 0.596271
vt 0.984284 0.596271
vt 0.986285 0.596271
vt 0.988075 0.596271
vt 0.989647 0.596271
vt 0.990994 0.596271
vt 0.992111 0.596271
vt 0.992991 0.596271
vt 0.993627 0.596271
vt 0.994144 0.596271
vt 3.16289e-05 0.745752
vt 0.0887837 0.745752
vt 0.270184 0.745752
vt 0.271274 0.745752
vt 0.272114 0.745752
vt 0.273188 0.745752
vt 0.274493 0.745752
vt 0.276027 0.745752
vt 0.277786 0.745752
vt 0.279769 0.745752
vt 0.281973 0.745752
vt 0.284395 0.745752
vt 0.287033 0.745752
vt 0.289884 0.745752
vt 0.292946 0.745752
vt 0.296216 0.745752
vt 0.299693 0.745752
vt 0.303373 0.745752
vt 0.307254 0.745752
vt 0.311335 0.745752
vt 0.315612 0.745752
vt 0.320084 0.745752
vt 0.324749 0.745752
vt 0.329603 0.745752
vt 0.334647 0.745752
vt 0.339876 0.745752
vt 0.34529 0.745752
vt 0.350885 0.745752
vt 0.356662 0.745752
vt 0.362616 0.745752
vt 0.368747 0.745752
vt 0.375053 0.745752
vt 0.381532 0.745752
vt 0.388183 0.745752
vt 0.395003 0.745752
vt 0.401991 0.745752
vt 0.409146 0.745752
vt 0.416466 0.745752
vt 0.42395 0.745752
vt 0.431595 0.745752
vt 0.439402 0.745752
vt 0.447368 0.745752
vt 0.455493 0.745752
vt 0.463774 0.745752
vt 0.472212 0.745752
vt 0.480805 0.745752
vt 0.489551 0.745752
vt 0.498451 0.745752
vt 0.507503 0.745752
vt 0.516706 0.745752
vt 0.526059 0.745752
vt 0.535562 0.745752
vt 0.545215 0.745752
vt 0.555016 0.745752
vt 0.564965 0.745752
vt 0.575062 0.745752
vt 0.585306 0.745752
vt 0.595697 0.745752
vt 0.606235 0.745752
vt 0.616919 0.745752
vt 0.62775 0.745752
vt 0.638727 0.745752
vt 0.64985 0.745752
vt 0.66112 0.745752
vt 0.672537 0.745752
vt 0.684101 0.745752
vt 0.695812 0.745752
vt 0.70767 0.745752
vt 0.719677 0.745752
vt 0.731833 0.745752
vt 0.744137 0.745752
vt 0.756592 0.745752
vt 0.769197 0.745752
vt 0.781954 0.745752
vt 0.794864 0.745752
vt 0.807927 0.745752
vt 0.821144 0.745752
vt 0.834517 0.745752
vt 0.848047 0.745752
vt 0.861735 0.745752
vt 0.875583 0.745752
vt 0.889591 0.745752
vt 0.903762 0.745752
vt 0.918097 0.745752
vt 0.932597 0.745752
vt 0.947265 0.745752
vt 0.962101 0.745752
vt 0.0997798 0.745752
vt 0.114787 0.745752
vt 0.129968 0.745752
vt 0.145323 0.745752
vt 0.160854 0.745752
vt 0.176565 0.745752
vt 0.192457 0.745752
vt 0.208532 0.745752
vt 0.224793 0.745752
vt 0.241242 0.745752
vt 0.257882 0.745752
vt 0.952419 0.0692543
vt 0.002415 0.527079
vt 0.00707938 0.527079
vt 0.0118256 0.527079
vt 0.0166493 0.527079
vt 0.0215459 0.527079
vt 0.026511 0.527079
vt 0.0315397 0.527079
vt 0.0366276 0.527079
vt 0.0417697 0.527079
vt 0.0469614 0.527079
vt 0.0521977 0.527079
vt 0.0574738 0.527079
vt 0.0627847 0.527079
vt 0.0681256 0.527079
vt 0.0734913 0.527079
vt 0.0788771 0.527079
vt 0.0842777 0.527079
vt 0.0896881 0.527079
vt 0.0951034 0.527079
vt 0.100518 0.527079
vt 0.105928 0.527079
vt 0.111327 0.527079
vt 0.11671 0.527079
vt 0.122073 0.527079
vt 0.127409 0.527079
vt 0.132715 0.527079
vt 0.137984 0.527079
vt 0.143212 0.527079
vt 0.148393 0.527079
vt 0.153522 0.527079
vt 0.158594 0.527079
vt 0.163604 0.527079
vt 0.168546 0.527079
vt 0.173415 0.527079
vt 0.178206 0.527079
vt 0.182915 0.527079
vt 0.187534 0.527079
vt 0.19206 0.527079
vt 0.196487 0.527079
vt 0.20081 0.527079
vt 0.205023 0.527079
vt 0.209121 0.527079
vt 0.2131 0.527079
vt 0.216953 0.527079
vt 0.220675 0.527079
vt 0.224261 0.527079
vt 0.227707 0.527079
vt 0.231006 0.527079
vt 0.234153 0.527079
vt 0.237143 0.527079
vt 0.239971 0.527079
vt 0.242631 0.527079
vt 0.245119 0.527079
vt 0.247428 0.527079
vt 0.249553 0.527079
vt 0.25149 0.527079
vt 0.253233 0.527079
vt 0.254777 0.527079
vt 0.256115 0.527079
vt 0.257244 0.527079
vt 0.258158 0.527079
vt 0.25885 0.527079
vt 0.926996 0.298167
vt 0.277171 0.527079
vt 0.291095 0.527079
vt 0.304832 0.527079
vt 0.318379 0.527079
vt 0.331735 0.527079
vt 0.344899 0.527079
vt 0.357868 0.527079
vt 0.370639 0.527079
vt 0.383209 0.527079
vt 0.395576 0.527079
vt 0.407736 0.527079
vt 0.419686 0.527079
vt 0.431421 0.527079
vt 0.442938 0.527079
vt 0.454232 0.527079
vt 0.465299 0.527079
vt 0.476135 0.527079
vt 0.486733 0.527079
vt 0.49709 0.527079
vt 0.5072 0.527079
vt 0.517057 0.527079
vt 0.526656 0.527079
vt 0.535991 0.527079
vt 0.545056 0.527079
vt 0.553844 0.527079
vt 0.56235 0.527079
vt 0.570568 0.527079
vt 0.57849 0.527079
vt 0.586109 0.527079
vt 0.59342 0.527079
vt 0.600415 0.527079
vt 0.607086 0.527079
vt 0.613428 0.527079
vt 0.619431 0.527079
vt 0.62509 0.527079
vt 0.630397 0.527079
vt 0.635343 0.527079
vt 0.639921 0.527079
vt 0.644124 0.527079
vt 0.647943 0.527079
vt 0.651371 0.527079
vt 0.654399 0.527079
vt 0.657019 0.527079
vt 0.659223 0.527079
vt 0.661003 0.527079
vt 0.66235 0.527079
vt 0.663257 0.527079
vt 0.697866 0.527079
vt 0.734227 0.527079
vt 0.738359 0.527079
vt 0.742603 0.527079
vt 0.746958 0.527079
vt 0.751417 0.527079
vt 0.755977 0.527079
vt 0.760632 0.527079
vt 0.765378 0.527079
vt 0.77021 0.527079
vt 0.775121 0.527079
vt 0.780108 0.527079
vt 0.785163 0.527079
vt 0.790283 0.527079
vt 0.795461 0.527079
vt 0.800691 0.527079
vt 0.805967 0.527079
vt 0.811284 0.527079
vt 0.816637 0.527079
vt 0.822018 0.527079
vt 0.827422 0.527079
vt 0.832843 0.527079
vt 0.838276 0.527079
vt 0.843713 0.527079
vt 0.849149 0.527079
vt 0.854577 0.527079
vt 0.859992 0.527079
vt 0.865388 0.527079
vt 0.870758 0.527079
vt 0.876096 0.527079
vt 0.881396 0.527079
vt 0.886652 0.527079
vt 0.891857 0.527079
vt 0.897005 0.527079
vt 0.90209 0.527079
vt 0.907106 0.527079
vt 0.912047 0.527079
vt 0.916905 0.527079
vt 0.921676 0.527079
vt 0.926352 0.527079
vt 0.930928 0.527079
vt 0.935396 0.527079
vt 0.939751 0.527079
vt 0.943987 0.527079
vt 0.948097 0.527079
vt 0.952074 0.527079
vt 0.955913 0.527079
vt 0.959607 0.527079
vt 0.963149 0.527079
vt 0.966534 0.527079
vt 0.969756 0.527079
vt 0.972807 0.527079
vt 0.975681 0.527079
vt 0.978372 0.527079
vt 0.980874 0.527079
vt 0.98318 0.527079
vt 0.985284 0.527079
vt 0.98718 0.527079
vt 0.988861 0.527079
vt 0.990321 0.527079
vt 0.991553 0.527079
vt 0.992551 0.527079
vt 0.993309 0.527079
vt 0.993886 0.527079
vt 0.0444077 0.676559
vt 0.270729 0.676559
vt 0.271694 0.676559
vt 0.272651 0.676559
vt 0.27384 0.676559
vt 0.27526 0.676559
vt 0.276906 0.676559
vt 0.278778 0.676559
vt 0.280871 0.676559
vt 0.283184 0.676559
vt 0.285714 0.676559
vt 0.288459 0.676559
vt 0.291415 0.676559
vt 0.294581 0.676559
vt 0.297955 0.676559
vt 0.301533 0.676559
vt 0.305313 0.676559
vt 0.309294 0.676559
vt 0.313473 0.676559
vt 0.317848 0.676559
vt 0.322416 0.676559
vt 0.327176 0.676559
vt 0.332125 0.676559
vt 0.337261 0.676559
vt 0.342583 0.676559
vt 0.348087 0.676559
vt 0.353773 0.676559
vt 0.359639 0.676559
vt 0.365682 0.676559
vt 0.3719 0.676559
vt 0.378293 0.676559
vt 0.384858 0.676559
vt 0.391593 0.676559
vt 0.398497 0.676559
vt 0.405569 0.676559
vt 0.412806 0.676559
vt 0.420208 0.676559
vt 0.427773 0.676559
vt 0.435499 0.676559
vt 0.443385 0.676559
vt 0.451431 0.676559
vt 0.459634 0.676559
vt 0.467993 0.676559
vt 0.476508 0.676559
vt 0.485178 0.676559
vt 0.494001 0.676559
vt 0.502977 0.676559
vt 0.512104 0.676559
vt 0.521382 0.676559
vt 0.530811 0.676559
vt 0.540389 0.676559
vt 0.550115 0.676559
vt 0.559991 0.676559
vt 0.570014 0.676559
vt 0.580184 0.676559
vt 0.590502 0.676559
vt 0.600966 0.676559
vt 0.611577 0.676559
vt 0.622334 0.676559
vt 0.633238 0.676559
vt 0.644288 0.676559
vt 0.655485 0.676559
vt 0.666829 0.676559
vt 0.678319 0.676559
vt 0.689956 0.676559
vt 0.701741 0.676559
vt 0.713674 0.676559
vt 0.725755 0.676559
vt 0.737985 0.676559
vt 0.750365 0.676559
vt 0.762895 0.676559
vt 0.775576 0.676559
vt 0.788409 0.676559
vt 0.801395 0.676559
vt 0.814536 0.676559
vt 0.827831 0.676559
vt 0.841282 0.676559
vt 0.854891 0.676559
vt 0.868659 0.676559
vt 0.882587 0.676559
vt 0.896677 0.676559
vt 0.910929 0.676559
vt 0.925347 0.676559
vt 0.939931 0.676559
vt 0.954683 0.676559
vt 0.107284 0.676559
vt 0.122377 0.676559
vt 0.137645 0.676559
vt 0.153088 0.676559
vt 0.16871 0.676559
vt 0.184511 0.676559
vt 0.200495 0.676559
vt 0.216663 0.676559
vt 0.233018 0.676559
vt 0.249562 0.676559


# Vertex Surface Normals: 
vn 0 0 1
vn 0 0 -1
vn 0.923018 -0.384756 0
vn 0.923018 -0.384756 0
vn 0.390278 0.920697 0
vn 0.384572 0.923095 0
vn 0.373488 0.927635 0
vn 0.363062 0.931765 0
vn 0.353241 0.935532 0
vn 0.343977 0.938978 0
vn 0.335227 0.942137 0
vn 0.326951 0.945041 0
vn 0.319115 0.947716 0
vn 0.311684 0.950186 0
vn 0.30463 0.952471 0
vn 0.297926 0.954589 0
vn 0.291548 0.956556 0
vn 0.285473 0.958387 0
vn 0.27968 0.960093 0
vn 0.274152 0.961686 0
vn 0.268871 0.963176 0
vn 0.263821 0.964572 0
vn 0.258988 0.965881 0
vn 0.254358 0.96711 0
vn 0.24992 0.968266 0
vn 0.245662 0.969356 0
vn 0.241572 0.970383 0
vn 0.237643 0.971353 0
vn 0.233864 0.972269 0
vn 0.230228 0.973137 0
vn 0.226726 0.973958 0
vn 0.223352 0.974738 0
vn 0.220099 0.975478 0
vn 0.216959 0.976181 0
vn 0.213929 0.976849 0
vn 0.211002 0.977486 0
vn 0.208172 0.978092 0
vn 0.205436 0.97867 0
vn 0.202789 0.979222 0
vn 0.200226 0.97975 0
vn 0.197745 0.980254 0
vn 0.19534 0.980736 0
vn 0.193008 0.981197 0
vn 0.190747 0.981639 0
vn 0.188553 0.982063 0
vn 0.186423 0.98247 0
vn 0.184354 0.98286 0
vn 0.182345 0.983235 0
vn 0.180391 0.983595 0
vn 0.178492 0.983941 0
vn 0.176645 0.984275 0
vn 0.174848 0.984595 0
vn 0.173098 0.984905 0
vn 0.171395 0.985202 0
vn 0.169736 0.98549 0
vn 0.168119 0.985767 0
vn 0.166544 0.986034 0
vn 0.165008 0.986292 0
vn 0.16351 0.986542 0
vn 0.162048 0.986783 0
vn 0.160623 0.987016 0
vn 0.159232 0.987241 0
vn 0.157874 0.987459 0
vn 0.156548 0.98767 0
vn 0.155255 0.987874 0
vn 0.153996 0.988071 0
vn 0.153375 0.988168 0
vn 0.999945 0.0105107 0
vn 0.999945 0.0105107 0
vn 0.217402 0.976082 0
vn 0.209603 0.977787 0
vn 0.194088 0.980984 0
vn 0.178772 0.983891 0
vn 0.163663 0.986516 0
vn 0.148767 0.988872 0
vn 0.134091 0.990969 0
vn 0.119638 0.992818 0
vn 0.105412 0.994429 0
vn 0.0914178 0.995813 0
vn 0.0776569 0.99698 0
vn 0.0641313 0.997941 0
vn 0.0508425 0.998707 0
vn 0.0377911 0.999286 0
vn 0.0249774 0.999688 0
vn 0.012401 0.999923 0
vn 6.1274e-05 1 0
vn -0.0120429 0.999927 0
vn -0.0239131 0.999714 0
vn -0.0355511 0.999368 0
vn -0.0469591 0.998897 0
vn -0.0581394 0.998308 0
vn -0.0690948 0.99761 0
vn -0.0798281 0.996809 0
vn -0.0903422 0.995911 0
vn -0.100641 0.994923 0
vn -0.110726 0.993851 0
vn -0.120603 0.992701 0
vn -0.130274 0.991478 0
vn -0.139744 0.990188 0
vn -0.149015 0.988835 0
vn -0.158091 0.987424 0
vn -0.166977 0.985961 0
vn -0.175676 0.984448 0
vn -0.184192 0.98289 0
vn -0.192528 0.981291 0
vn -0.200689 0.979655 0
vn -0.208677 0.977985 0
vn -0.216497 0.976283 0
vn -0.224152 0.974554 0
vn -0.231646 0.9728 0
vn -0.23898 0.971024 0
vn -0.246158 0.96923 0
vn -0.253182 0.967419 0
vn -0.26005 0.965595 0
vn -0.266756 0.963764 0
vn -0.27327 0.961937 0
vn -0.276472 0.961022 0
vn -0.999989 0.00473867 0
vn -0.999989 0.00473867 0
vn -0.0116228 0.999932 0
vn -0.0225284 0.999746 0
vn -0.0434301 0.999056 0
vn -0.0626138 0.998038 0
vn -0.0802642 0.996774 0
vn -0.0965433 0.995329 0
vn -0.111593 0.993754 0
vn -0.125539 0.992089 0
vn -0.13849 0.990364 0
vn -0.150543 0.988603 0
vn -0.161784 0.986826 0
vn -0.172287 0.985047 0
vn -0.182121 0.983276 0
vn -0.191344 0.981523 0
vn -0.200009 0.979794 0
vn -0.208163 0.978094 0
vn -0.215849 0.976427 0
vn -0.223105 0.974794 0
vn -0.229964 0.973199 0
vn -0.236458 0.971642 0
vn -0.242613 0.970123 0
vn -0.248456 0.968643 0
vn -0.254008 0.967202 0
vn -0.25929 0.9658 0
vn -0.264321 0.964435 0
vn -0.269119 0.963107 0
vn -0.273698 0.961816 0
vn -0.278072 0.96056 0
vn -0.282256 0.959339 0
vn -0.286261 0.958152 0
vn -0.290098 0.956997 0
vn -0.293777 0.955874 0
vn -0.297308 0.954782 0
vn -0.300699 0.953719 0
vn -0.303959 0.952685 0
vn -0.307094 0.951679 0
vn -0.310111 0.9507 0
vn -0.313018 0.949747 0
vn -0.315819 0.948819 0
vn -0.318521 0.947916 0
vn -0.321128 0.947036 0
vn -0.323646 0.946178 0
vn -0.326078 0.945343 0
vn -0.32843 0.944528 0
vn -0.330704 0.943734 0
vn -0.332905 0.94296 0
vn -0.335036 0.942205 0
vn -0.337101 0.941468 0
vn -0.339102 0.94075 0
vn -0.341042 0.940048 0
vn -0.342924 0.939363 0
vn -0.344751 0.938694 0
vn -0.346524 0.938041 0
vn -0.348246 0.937403 0
vn -0.34992 0.93678 0
vn -0.351547 0.93617 0
vn -0.353128 0.935575 0
vn -0.354666 0.934993 0
vn -0.356163 0.934424 0
vn -0.357618 0.933868 0
vn -0.359034 0.933324 0
vn -0.360409 0.932794 0
vn -0.361884 0.932223 0
vn -0.362682 0.931913 0
vn -0.941474 -0.337085 0
vn -0.941474 -0.337085 0
vn 0.48958 -0.871958 0
vn 0.485651 -0.874153 0
vn 0.479098 -0.877761 0
vn 0.473823 -0.88062 0
vn 0.468462 -0.883484 0
vn 0.463018 -0.886349 0
vn 0.45749 -0.889215 0
vn 0.451881 -0.892078 0
vn 0.446187 -0.89494 0
vn 0.44041 -0.897797 0
vn 0.434547 -0.900649 0
vn 0.428599 -0.903495 0
vn 0.422564 -0.906333 0
vn 0.416442 -0.909162 0
vn 0.410231 -0.911982 0
vn 0.40393 -0.91479 0
vn 0.39754 -0.917585 0
vn 0.391058 -0.920366 0
vn 0.384484 -0.923132 0
vn 0.377818 -0.92588 0
vn 0.371058 -0.92861 0
vn 0.364203 -0.93132 0
vn 0.357253 -0.934008 0
vn 0.350208 -0.936672 0
vn 0.343065 -0.939312 0
vn 0.335826 -0.941924 0
vn 0.328489 -0.944508 0
vn 0.321053 -0.947061 0
vn 0.313519 -0.949582 0
vn 0.305886 -0.952068 0
vn 0.298152 -0.954518 0
vn 0.290319 -0.95693 0
vn 0.282386 -0.959301 0
vn 0.274352 -0.961629 0
vn 0.266218 -0.963913 0
vn 0.257983 -0.966149 0
vn 0.249647 -0.968337 0
vn 0.241211 -0.970473 0
vn 0.232675 -0.972555 0
vn 0.224039 -0.97458 0
vn 0.215303 -0.976547 0
vn 0.206468 -0.978453 0
vn 0.197534 -0.980296 0
vn 0.188502 -0.982073 0
vn 0.179374 -0.983781 0
vn 0.170148 -0.985418 0
vn 0.160828 -0.986983 0
vn 0.151413 -0.988471 0
vn 0.141905 -0.98988 0
vn 0.132305 -0.991209 0
vn 0.122615 -0.992454 0
vn 0.112836 -0.993614 0
vn 0.10297 -0.994684 0
vn 0.0930187 -0.995664 0
vn 0.0829841 -0.996551 0
vn 0.0728681 -0.997342 0
vn 0.062673 -0.998034 0
vn 0.0524011 -0.998626 0
vn 0.0420548 -0.999115 0
vn 0.0316366 -0.999499 0
vn 0.0211493 -0.999776 0
vn 0.0105957 -0.999944 0
vn -2.14117e-05 -1 0
vn -0.0106988 -0.999943 0
vn -0.0214335 -0.99977 0
vn -0.0322221 -0.999481 0
vn -0.0430612 -0.999072 0
vn -0.0539473 -0.998544 0
vn -0.0648769 -0.997893 0
vn -0.0758462 -0.99712 0
vn -0.0868514 -0.996221 0
vn -0.0978887 -0.995197 0
vn -0.108954 -0.994047 0
vn -0.120043 -0.992769 0
vn -0.131153 -0.991362 0
vn -0.142278 -0.989827 0
vn -0.153415 -0.988162 0
vn -0.164559 -0.986367 0
vn -0.175706 -0.984443 0
vn -0.186851 -0.982388 0
vn -0.197991 -0.980204 0
vn -0.209121 -0.97789 0
vn -0.220236 -0.975447 0
vn -0.231333 -0.972875 0
vn -0.242406 -0.970175 0
vn -0.242406 -0.970175 0
vn -0.253452 -0.967348 0
vn -0.264465 -0.964395 0
vn -0.275443 -0.961318 0
vn -0.286379 -0.958116 0
vn -0.297272 -0.954793 0
vn -0.308115 -0.951349 0
vn -0.318906 -0.947786 0
vn -0.329639 -0.944107 0
vn -0.340312 -0.940312 0
vn -0.345628 -0.938372 0
vn 0.923018 -0.384756 0
vn 0.923018 -0.384756 0
vn 0.390278 0.920697 0
vn 0.384572 0.923095 0
vn 0.373488 0.927635 0
vn 0.363062 0.931765 0
vn 0.353241 0.935532 0
vn 0.343977 0.938978 0
vn 0.335227 0.942137 0
vn 0.326951 0.945041 0
vn 0.319115 0.947716 0
vn 0.311684 0.950186 0
vn 0.30463 0.952471 0
vn 0.297926 0.954589 0
vn 0.291548 0.956556 0
vn 0.285473 0.958387 0
vn 0.27968 0.960093 0
vn 0.274152 0.961686 0
vn 0.268871 0.963176 0
vn 0.263821 0.964572 0
vn 0.258988 0.965881 0
vn 0.254358 0.96711 0
vn 0.24992 0.968266 0
vn 0.245662 0.969356 0
vn 0.241572 0.970383 0
vn 0.237643 0.971353 0
vn 0.233864 0.972269 0
vn 0.230228 0.973137 0
vn 0.226726 0.973958 0
vn 0.223352 0.974738 0
vn 0.220099 0.975478 0
vn 0.216959 0.976181 0
vn 0.213929 0.976849 0
vn 0.211002 0.977486 0
vn 0.208172 0.978092 0
vn 0.205436 0.97867 0
vn 0.202789 0.979222 0
vn 0.200226 0.97975 0
vn 0.197745 0.980254 0
vn 0.19534 0.980736 0
vn 0.193008 0.981197 0
vn 0.190747 0.981639 0
vn 0.188553 0.982063 0
vn 0.186423 0.98247 0
vn 0.184354 0.98286 0
vn 0.182345 0.983235 0
vn 0.180391 0.983595 0
vn 0.178492 0.983941 0
vn 0.176645 0.984275 0
vn 0.174848 0.984595 0
vn 0.173098 0.984905 0
vn 0.171395 0.985202 0
vn 0.169736 0.98549 0
vn 0.168119 0.985767 0
vn 0.166544 0.986034 0
vn 0.165008 0.986292 0
vn 0.16351 0.986542 0
vn 0.162048 0.986783 0
vn 0.160623 0.987016 0
vn 0.159232 0.987241 0
vn 0.157874 0.987459 0
vn 0.156548 0.98767 0
vn 0.155255 0.987874 0
vn 0.153996 0.988071 0
vn 0.153375 0.988168 0
vn 0.999945 0.0105107 0
vn 0.999945 0.0105107 0
vn 0.217402 0.976082 0
vn 0.209603 0.977787 0
vn 0.194088 0.980984 0
vn 0.178772 0.983891 0
vn 0.163663 0.986516 0
vn 0.148767 0.988872 0
vn 0.134091 0.990969 0
vn 0.119638 0.992818 0
vn 0.105412 0.994429 0
vn 0.0914178 0.995813 0
vn 0.0776569 0.99698 0
vn 0.0641313 0.997941 0
vn 0.0508425 0.998707 0
vn 0.0377911 0.999286 0
vn 0.0249774 0.999688 0
vn 0.012401 0.999923 0
vn 6.1274e-05 1 0
vn -0.0120429 0.999927 0
vn -0.0239131 0.999714 0
vn -0.0355511 0.999368 0
vn -0.0469591 0.998897 0
vn -0.0581394 0.998308 0
vn -0.0690948 0.99761 0
vn -0.0798281 0.996809 0
vn -0.0903422 0.995911 0
vn -0.100641 0.994923 0
vn -0.110726 0.993851 0
vn -0.120603 0.992701 0
vn -0.130274 0.991478 0
vn -0.139744 0.990188 0
vn -0.149015 0.988835 0
vn -0.158091 0.987424 0
vn -0.166977 0.985961 0
vn -0.175676 0.984448 0
vn -0.184192 0.98289 0
vn -0.192528 0.981291 0
vn -0.200689 0.979655 0
vn -0.208677 0.977985 0
vn -0.216497 0.976283 0
vn -0.224152 0.974554 0
vn -0.231646 0.9728 0
vn -0.23898 0.971024 0
vn -0.246158 0.96923 0
vn -0.253182 0.967419 0
vn -0.26005 0.965595 0
vn -0.266756 0.963764 0
vn -0.27327 0.961937 0
vn -0.276472 0.961022 0
vn -0.999989 0.00473867 0
vn -0.999989 0.00473867 0
vn -0.0116228 0.999932 0
vn -0.0225284 0.999746 0
vn -0.0434301 0.999056 0
vn -0.0626138 0.998038 0
vn -0.0802642 0.996774 0
vn -0.0965433 0.995329 0
vn -0.111593 0.993754 0
vn -0.125539 0.992089 0
vn -0.13849 0.990364 0
vn -0.150543 0.988603 0
vn -0.161784 0.986826 0
vn -0.172287 0.985047 0
vn -0.182121 0.983276 0
vn -0.191344 0.981523 0
vn -0.200009 0.979794 0
vn -0.208163 0.978094 0
vn -0.215849 0.976427 0
vn -0.223105 0.974794 0
vn -0.229964 0.973199 0
vn -0.236458 0.971642 0
vn -0.242613 0.970123 0
vn -0.248456 0.968643 0
vn -0.254008 0.967202 0
vn -0.25929 0.9658 0
vn -0.264321 0.964435 0
vn -0.269119 0.963107 0
vn -0.273698 0.961816 0
vn -0.278072 0.96056 0
vn -0.282256 0.959339 0
vn -0.286261 0.958152 0
vn -0.290098 0.956997 0
vn -0.293777 0.955874 0
vn -0.297308 0.954782 0
vn -0.300699 0.953719 0
vn -0.303959 0.952685 0
vn -0.307094 0.951679 0
vn -0.310111 0.9507 0
vn -0.313018 0.949747 0
vn -0.315819 0.948819 0
vn -0.318521 0.947916 0
vn -0.321128 0.947036 0
vn -0.323646 0.946178 0
vn -0.326078 0.945343 0
vn -0.32843 0.944528 0
vn -0.330704 0.943734 0
vn -0.332905 0.94296 0
vn -0.335036 0.942205 0
vn -0.337101 0.941468 0
vn -0.339102 0.94075 0
vn -0.341042 0.940048 0
vn -0.342924 0.939363 0
vn -0.344751 0.938694 0
vn -0.346524 0.938041 0
vn -0.348246 0.937403 0
vn -0.34992 0.93678 0
vn -0.351547 0.93617 0
vn -0.353128 0.935575 0
vn -0.354666 0.934993 0
vn -0.356163 0.934424 0
vn -0.357618 0.933868 0
vn -0.359034 0.933324 0
vn -0.360409 0.932794 0
vn -0.361884 0.932223 0
vn -0.362682 0.931913 0
vn -0.941474 -0.337085 0
vn -0.941474 -0.337085 0
vn 0.48958 -0.871958 0
vn 0.485651 -0.874153 0
vn 0.479098 -0.877761 0
vn 0.473823 -0.88062 0
vn 0.468462 -0.883484 0
vn 0.463018 -0.886349 0
vn 0.45749 -0.889215 0
vn 0.451881 -0.892078 0
vn 0.446187 -0.89494 0
vn 0.44041 -0.897797 0
vn 0.434547 -0.900649 0
vn 0.428599 -0.903495 0
vn 0.422564 -0.906333 0
vn 0.416442 -0.909162 0
vn 0.410231 -0.911982 0
vn 0.40393 -0.91479 0
vn 0.39754 -0.917585 0
vn 0.391058 -0.920366 0
vn 0.384484 -0.923132 0
vn 0.377818 -0.92588 0
vn 0.371058 -0.92861 0
vn 0.364203 -0.93132 0
vn 0.357253 -0.934008 0
vn 0.350208 -0.936672 0
vn 0.343065 -0.939312 0
vn 0.335826 -0.941924 0
vn 0.328489 -0.944508 0
vn 0.321053 -0.947061 0
vn 0.313519 -0.949582 0
vn 0.305886 -0.952068 0
vn 0.298152 -0.954518 0
vn 0.290319 -0.95693 0
vn 0.282386 -0.959301 0
vn 0.274352 -0.961629 0
vn 0.266218 -0.963913 0
vn 0.257983 -0.966149 0
vn 0.249647 -0.968337 0
vn 0.241211 -0.970473 0
vn 0.232675 -0.972555 0
vn 0.224039 -0.97458 0
vn 0.215303 -0.976547 0
vn 0.206468 -0.978453 0
vn 0.197534 -0.980296 0
vn 0.188502 -0.982073 0
vn 0.179374 -0.983781 0
vn 0.170148 -0.985418 0
vn 0.160828 -0.986983 0
vn 0.151413 -0.988471 0
vn 0.141905 -0.98988 0
vn 0.132305 -0.991209 0
vn 0.122615 -0.992454 0
vn 0.112836 -0.993614 0
vn 0.10297 -0.994684 0
vn 0.0930187 -0.995664 0
vn 0.0829841 -0.996551 0
vn 0.0728681 -0.997342 0
vn 0.062673 -0.998034 0
vn 0.0524011 -0.998626 0
vn 0.0420548 -0.999115 0
vn 0.0316366 -0.999499 0
vn 0.0211493 -0.999776 0
vn 0.0105957 -0.999944 0
vn -2.14117e-05 -1 0
vn -0.0106988 -0.999943 0
vn -0.0214335 -0.99977 0
vn -0.0322221 -0.999481 0
vn -0.0430612 -0.999072 0
vn -0.0539473 -0.998544 0
vn -0.0648769 -0.997893 0
vn -0.0758462 -0.99712 0
vn -0.0868514 -0.996221 0
vn -0.0978887 -0.995197 0
vn -0.108954 -0.994047 0
vn -0.120043 -0.992769 0
vn -0.131153 -0.991362 0
vn -0.142278 -0.989827 0
vn -0.153415 -0.988162 0
vn -0.164559 -0.986367 0
vn -0.175706 -0.984443 0
vn -0.186851 -0.982388 0
vn -0.197991 -0.980204 0
vn -0.209121 -0.97789 0
vn -0.220236 -0.975447 0
vn -0.231333 -0.972875 0
vn -0.242406 -0.970175 0
vn -0.242406 -0.970175 0
vn -0.253452 -0.967348 0
vn -0.264465 -0.964395 0
vn -0.275443 -0.961318 0
vn -0.286379 -0.958116 0
vn -0.297272 -0.954793 0
vn -0.308115 -0.951349 0
vn -0.318906 -0.947786 0
vn -0.329639 -0.944107 0
vn -0.340312 -0.940312 0
vn -0.345628 -0.938372 0
vn 0.923018 -0.384756 0
vn 0.387425 0.921896 0
vn 0.37903 0.925365 0
vn 0.368275 0.9297 0
vn 0.358151 0.933649 0
vn 0.348609 0.937255 0
vn 0.339602 0.940558 0
vn 0.331089 0.943589 0
vn 0.323033 0.946379 0
vn 0.315399 0.948951 0
vn 0.308157 0.951328 0
vn 0.301278 0.95353 0
vn 0.294737 0.955573 0
vn 0.28851 0.957472 0
vn 0.282576 0.95924 0
vn 0.276916 0.96089 0
vn 0.271512 0.962431 0
vn 0.266346 0.963874 0
vn 0.261405 0.965226 0
vn 0.256673 0.966495 0
vn 0.252139 0.967688 0
vn 0.247791 0.968811 0
vn 0.243617 0.969869 0
vn 0.239608 0.970868 0
vn 0.235754 0.971811 0
vn 0.232046 0.972703 0
vn 0.228477 0.973548 0
vn 0.225039 0.974348 0
vn 0.221725 0.975108 0
vn 0.218529 0.975829 0
vn 0.215444 0.976515 0
vn 0.212465 0.977167 0
vn 0.209587 0.977789 0
vn 0.206804 0.978381 0
vn 0.204113 0.978946 0
vn 0.201508 0.979486 0
vn 0.198986 0.980002 0
vn 0.196542 0.980495 0
vn 0.194174 0.980966 0
vn 0.191877 0.981418 0
vn 0.18965 0.981851 0
vn 0.187488 0.982266 0
vn 0.185388 0.982665 0
vn 0.183349 0.983047 0
vn 0.181368 0.983415 0
vn 0.179442 0.983768 0
vn 0.177569 0.984108 0
vn 0.175747 0.984435 0
vn 0.173973 0.98475 0
vn 0.172247 0.985053 0
vn 0.170565 0.985346 0
vn 0.168928 0.985628 0
vn 0.167331 0.9859 0
vn 0.165776 0.986163 0
vn 0.164259 0.986417 0
vn 0.162779 0.986662 0
vn 0.161336 0.986899 0
vn 0.159927 0.987129 0
vn 0.158553 0.98735 0
vn 0.157211 0.987565 0
vn 0.155902 0.987772 0
vn 0.154626 0.987973 0
vn 0.153685 0.98812 0
vn 0.999945 0.0105107 0
vn 0.213503 0.976934 0
vn 0.201845 0.979385 0
vn 0.18643 0.982437 0
vn 0.171217 0.985203 0
vn 0.156215 0.987694 0
vn 0.141429 0.989921 0
vn 0.126864 0.991893 0
vn 0.112525 0.993623 0
vn 0.098415 0.995121 0
vn 0.0845373 0.996396 0
vn 0.0708941 0.997461 0
vn 0.0574869 0.998324 0
vn 0.0443168 0.998996 0
vn 0.0313842 0.999487 0
vn 0.0186892 0.999806 0
vn 0.00623114 0.999962 0
vn -0.00599083 0.999964 0
vn -0.017978 0.999821 0
vn -0.0297321 0.999541 0
vn -0.0412551 0.999132 0
vn -0.0525493 0.998603 0
vn -0.0636171 0.997959 0
vn -0.0744614 0.997209 0
vn -0.0850851 0.99636 0
vn -0.0954914 0.995417 0
vn -0.105683 0.994387 0
vn -0.115665 0.993276 0
vn -0.125439 0.992089 0
vn -0.135009 0.990833 0
vn -0.144379 0.989511 0
vn -0.153553 0.98813 0
vn -0.162534 0.986693 0
vn -0.171327 0.985204 0
vn -0.179934 0.983669 0
vn -0.18836 0.982091 0
vn -0.196609 0.980473 0
vn -0.204683 0.97882 0
vn -0.212587 0.977134 0
vn -0.220325 0.975419 0
vn -0.227899 0.973677 0
vn -0.235313 0.971912 0
vn -0.242569 0.970127 0
vn -0.24967 0.968324 0
vn -0.256616 0.966507 0
vn -0.263403 0.96468 0
vn -0.270013 0.962851 0
vn -0.274871 0.96148 0
vn -0.999989 0.00473867 0
vn -0.0170756 0.999839 0
vn -0.0329792 0.999401 0
vn -0.0530219 0.998547 0
vn -0.071439 0.997406 0
vn -0.0884038 0.996051 0
vn -0.104068 0.994541 0
vn -0.118566 0.992921 0
vn -0.132014 0.991226 0
vn -0.144516 0.989484 0
vn -0.156163 0.987715 0
vn -0.167035 0.985937 0
vn -0.177204 0.984161 0
vn -0.186732 0.9824 0
vn -0.195676 0.980659 0
vn -0.204086 0.978944 0
vn -0.212006 0.97726 0
vn -0.219477 0.975611 0
vn -0.226534 0.973997 0
vn -0.233211 0.97242 0
vn -0.239535 0.970882 0
vn -0.245534 0.969383 0
vn -0.251232 0.967923 0
vn -0.256649 0.966501 0
vn -0.261806 0.965117 0
vn -0.26672 0.963771 0
vn -0.271408 0.962461 0
vn -0.275885 0.961188 0
vn -0.280164 0.95995 0
vn -0.284259 0.958745 0
vn -0.28818 0.957574 0
vn -0.291938 0.956435 0
vn -0.295543 0.955328 0
vn -0.299004 0.95425 0
vn -0.302329 0.953202 0
vn -0.305526 0.952182 0
vn -0.308602 0.95119 0
vn -0.311564 0.950224 0
vn -0.314418 0.949283 0
vn -0.31717 0.948368 0
vn -0.319824 0.947476 0
vn -0.322387 0.946607 0
vn -0.324862 0.945761 0
vn -0.327254 0.944936 0
vn -0.329567 0.944131 0
vn -0.331805 0.943347 0
vn -0.333971 0.942583 0
vn -0.336069 0.941837 0
vn -0.338101 0.941109 0
vn -0.340072 0.940399 0
vn -0.341983 0.939706 0
vn -0.343838 0.939029 0
vn -0.345637 0.938368 0
vn -0.347385 0.937722 0
vn -0.349083 0.937091 0
vn -0.350733 0.936475 0
vn -0.352337 0.935873 0
vn -0.353897 0.935284 0
vn -0.355415 0.934708 0
vn -0.356891 0.934146 0
vn -0.358326 0.933596 0
vn -0.359722 0.933059 0
vn -0.361147 0.932509 0
vn -0.362283 0.932068 0
vn -0.941474 -0.337085 0
vn 0.487616 -0.873055 0
vn 0.482375 -0.875957 0
vn 0.476461 -0.879191 0
vn 0.471142 -0.882052 0
vn 0.46574 -0.884916 0
vn 0.460254 -0.887782 0
vn 0.454686 -0.890646 0
vn 0.449034 -0.893509 0
vn 0.443299 -0.896368 0
vn 0.437478 -0.899223 0
vn 0.431573 -0.902072 0
vn 0.425582 -0.904914 0
vn 0.419503 -0.907748 0
vn 0.413336 -0.910572 0
vn 0.407081 -0.913386 0
vn 0.400735 -0.916187 0
vn 0.394299 -0.918975 0
vn 0.387771 -0.921749 0
vn 0.381151 -0.924506 0
vn 0.374438 -0.927245 0
vn 0.36763 -0.929965 0
vn 0.360728 -0.932664 0
vn 0.35373 -0.93534 0
vn 0.346636 -0.937992 0
vn 0.339446 -0.940618 0
vn 0.332157 -0.943216 0
vn 0.324771 -0.945784 0
vn 0.317286 -0.948321 0
vn 0.309702 -0.950825 0
vn 0.302019 -0.953293 0
vn 0.294236 -0.955724 0
vn 0.286353 -0.958115 0
vn 0.278369 -0.960465 0
vn 0.270285 -0.962771 0
vn 0.2621 -0.965031 0
vn 0.253815 -0.967243 0
vn 0.245429 -0.969405 0
vn 0.236943 -0.971514 0
vn 0.228357 -0.973567 0
vn 0.219671 -0.975564 0
vn 0.210885 -0.9775 0
vn 0.202001 -0.979375 0
vn 0.193018 -0.981184 0
vn 0.183938 -0.982927 0
vn 0.174761 -0.9846 0
vn 0.165488 -0.9862 0
vn 0.15612 -0.987727 0
vn 0.146659 -0.989175 0
vn 0.137105 -0.990545 0
vn 0.12746 -0.991832 0
vn 0.117725 -0.993034 0
vn 0.107903 -0.994149 0
vn 0.0979943 -0.995174 0
vn 0.0880014 -0.996108 0
vn 0.0779261 -0.996946 0
vn 0.0677706 -0.997688 0
vn 0.0575371 -0.99833 0
vn 0.0472279 -0.998871 0
vn 0.0368457 -0.999307 0
vn 0.026393 -0.999638 0
vn 0.0158725 -0.99986 0
vn 0.00528712 -0.999972 0
vn -0.00536013 -0.999971 0
vn -0.0160662 -0.999857 0
vn -0.0268278 -0.999626 0
vn -0.0376416 -0.999277 0
vn -0.0485042 -0.998808 0
vn -0.0594121 -0.998219 0
vn -0.0703615 -0.997506 0
vn -0.0813488 -0.99667 0
vn -0.09237 -0.995709 0
vn -0.103421 -0.994622 0
vn -0.114499 -0.993408 0
vn -0.125598 -0.992065 0
vn -0.136715 -0.990594 0
vn -0.147846 -0.988994 0
vn -0.158987 -0.987265 0
vn -0.170132 -0.985405 0
vn -0.181279 -0.983415 0
vn -0.192421 -0.981296 0
vn -0.203556 -0.979047 0
vn -0.214679 -0.976668 0
vn -0.225785 -0.974161 0
vn -0.236869 -0.971525 0
vn -0.247929 -0.968761 0
vn -0.258958 -0.965872 0
vn -0.269954 -0.962856 0
vn -0.280911 -0.959717 0
vn -0.291826 -0.956455 0
vn -0.302693 -0.953071 0
vn -0.31351 -0.949568 0
vn -0.324273 -0.945947 0
vn -0.334976 -0.94221 0
vn -0.34297 -0.939342 0


# Faces: 
usemtl material0
f 447/177/1 448/178/1 446/176/1
f 449/179/1 450/180/1 446/176/1
f 448/178/1 449/179/1 446/176/1
f 451/181/1 452/182/1 446/176/1
f 453/183/1 454/184/1 443/173/1
f 452/182/1 453/183/1 446/176/1
f 450/180/1 451/181/1 446/176/1
f 455/185/1 456/186/1 439/169/1
f 457/187/1 458/188/1 437/167/1
f 456/186/1 457/187/1 438/168/1
f 459/189/1 460/190/1 434/164/1
f 433/163/1 461/191/1 432/162/1
f 460/190/1 461/191/1 433/163/1
f 458/188/1 459/189/1 435/165/1
f 454/184/1 455/185/1 441/171/1
f 445/175/1 453/183/1 444/174/1
f 443/173/1 444/174/1 453/183/1
f 454/184/1 442/172/1 443/173/1
f 442/172/1 454/184/1 441/171/1
f 441/171/1 455/185/1 440/170/1
f 455/185/1 439/169/1 440/170/1
f 453/183/1 445/175/1 446/176/1
f 438/168/1 457/187/1 437/167/1
f 438/168/1 439/169/1 456/186/1
f 463/193/1 430/160/1 462/192/1
f 464/194/1 429/159/1 463/193/1
f 458/188/1 436/166/1 437/167/1
f 436/166/1 458/188/1 435/165/1
f 434/164/1 435/165/1 459/189/1
f 433/163/1 434/164/1 460/190/1
f 428/158/1 464/194/1 465/195/1
f 431/161/1 461/191/1 462/192/1
f 427/157/1 465/195/1 466/196/1
f 424/154/1 467/197/1 468/198/1
f 425/155/1 466/196/1 467/197/1
f 422/152/1 469/199/1 470/200/1
f 419/149/1 471/201/1 472/202/1
f 420/150/1 470/200/1 471/201/1
f 423/153/1 468/198/1 469/199/1
f 417/147/1 473/203/1 474/204/1
f 414/144/1 475/205/1 476/206/1
f 415/145/1 474/204/1 475/205/1
f 411/141/1 477/207/1 478/208/1
f 407/137/1 480/210/1 481/211/1
f 409/139/1 479/209/1 480/210/1
f 410/140/1 478/208/1 479/209/1
f 413/143/1 476/206/1 477/207/1
f 418/148/1 472/202/1 473/203/1
f 404/134/1 482/212/1 483/213/1
f 401/131/1 484/214/1 485/215/1
f 403/133/1 483/213/1 484/214/1
f 398/128/1 486/216/1 487/217/1
f 394/124/1 488/218/1 489/219/1
f 396/126/1 487/217/1 488/218/1
f 400/130/1 485/215/1 486/216/1
f 390/120/1 490/220/1 491/221/1
f 385/115/1 492/222/1 493/223/1
f 388/118/1 491/221/1 492/222/1
f 383/113/1 494/224/1 495/225/1
f 383/113/1 497/227/1 498/228/1
f 383/113/1 496/226/1 497/227/1
f 383/113/1 495/225/1 496/226/1
f 383/113/1 493/223/1 494/224/1
f 392/122/1 489/219/1 490/220/1
f 406/136/1 481/211/1 482/212/1
f 383/113/1 498/228/1 499/229/1
f 429/159/1 430/160/1 463/193/1
f 464/194/1 428/158/1 429/159/1
f 426/156/1 427/157/1 466/196/1
f 466/196/1 425/155/1 426/156/1
f 467/197/1 424/154/1 425/155/1
f 423/153/1 424/154/1 468/198/1
f 465/195/1 427/157/1 428/158/1
f 421/151/1 470/200/1 420/150/1
f 420/150/1 471/201/1 419/149/1
f 470/200/1 421/151/1 422/152/1
f 473/203/1 417/147/1 418/148/1
f 416/146/1 474/204/1 415/145/1
f 417/147/1 474/204/1 416/146/1
f 472/202/1 418/148/1 419/149/1
f 469/199/1 422/152/1 423/153/1
f 431/161/1 462/192/1 430/160/1
f 412/142/1 477/207/1 411/141/1
f 411/141/1 478/208/1 410/140/1
f 477/207/1 412/142/1 413/143/1
f 480/210/1 408/138/1 409/139/1
f 480/210/1 407/137/1 408/138/1
f 479/209/1 409/139/1 410/140/1
f 413/143/1 414/144/1 476/206/1
f 482/212/1 404/134/1 405/135/1
f 483/213/1 403/133/1 404/134/1
f 405/135/1 406/136/1 482/212/1
f 401/131/1 402/132/1 484/214/1
f 486/216/1 399/129/1 400/130/1
f 485/215/1 400/130/1 401/131/1
f 402/132/1 403/133/1 484/214/1
f 406/136/1 407/137/1 481/211/1
f 414/144/1 415/145/1 475/205/1
f 432/162/1 461/191/1 431/161/1
f 488/218/1 395/125/1 396/126/1
f 488/218/1 394/124/1 395/125/1
f 396/126/1 397/127/1 487/217/1
f 392/122/1 393/123/1 489/219/1
f 391/121/1 392/122/1 490/220/1
f 393/123/1 394/124/1 489/219/1
f 398/128/1 487/217/1 397/127/1
f 388/118/1 389/119/1 491/221/1
f 387/117/1 388/118/1 492/222/1
f 390/120/1 491/221/1 389/119/1
f 386/116/1 492/222/1 385/115/1
f 384/114/1 385/115/1 493/223/1
f 382/112/1 383/113/1 381/111/1
f 387/117/1 492/222/1 386/116/1
f 391/121/1 490/220/1 390/120/1
f 399/129/1 486/216/1 398/128/1
f 381/111/1 383/113/1 380/110/1
f 380/110/1 383/113/1 379/109/1
f 378/108/1 379/109/1 383/113/1
f 383/113/1 377/107/1 378/108/1
f 383/113/1 376/106/1 377/107/1
f 375/105/1 376/106/1 383/113/1
f 374/104/1 375/105/1 383/113/1
f 383/113/1 373/103/1 374/104/1
f 383/113/1 372/102/1 373/103/1
f 372/102/1 383/113/1 371/101/1
f 370/100/1 371/101/1 383/113/1
f 383/113/1 369/99/1 370/100/1
f 369/99/1 383/113/1 368/98/1
f 368/98/1 383/113/1 367/97/1
f 500/230/1 367/97/1 383/113/1
f 500/230/1 366/96/1 367/97/1
f 366/96/1 501/231/1 365/95/1
f 384/114/1 493/223/1 383/113/1
f 499/229/1 500/230/1 383/113/1
f 334/64/1 521/251/1 522/252/1
f 334/64/1 523/253/1 524/254/1
f 334/64/1 522/252/1 523/253/1
f 341/71/1 519/249/1 520/250/1
f 342/72/1 518/248/1 519/249/1
f 520/250/1 521/251/1 340/70/1
f 311/41/1 529/259/1 530/260/1
f 304/34/1 531/261/1 532/262/1
f 307/37/1 530/260/1 531/261/1
f 334/64/1 525/255/1 526/256/1
f 319/49/1 527/257/1 528/258/1
f 324/54/1 526/256/1 527/257/1
f 528/258/1 529/259/1 315/45/1
f 334/64/1 524/254/1 525/255/1
f 364/94/1 501/231/1 502/232/1
f 361/91/1 503/233/1 504/234/1
f 363/93/1 502/232/1 503/233/1
f 358/88/1 505/235/1 506/236/1
f 355/85/1 507/237/1 508/238/1
f 357/87/1 506/236/1 507/237/1
f 360/90/1 504/234/1 505/235/1
f 347/77/1 514/244/1 515/245/1
f 344/74/1 516/246/1 517/247/1
f 345/75/1 515/245/1 516/246/1
f 353/83/1 509/239/1 510/240/1
f 349/79/1 512/242/1 513/243/1
f 350/80/1 511/241/1 512/242/1
f 352/82/1 510/240/1 511/241/1
f 513/243/1 514/244/1 348/78/1
f 354/84/1 508/238/1 509/239/1
f 517/247/1 518/248/1 343/73/1
f 365/95/1 501/231/1 364/94/1
f 285/15/1 537/267/1 538/268/1
f 539/269/1 540/270/1 278/8/1
f 282/12/1 538/268/1 539/269/1
f 534/264/1 298/28/1 533/263/1
f 292/22/1 535/265/1 536/266/1
f 295/25/1 534/264/1 535/265/1
f 536/266/1 537/267/1 288/18/1
f 274/4/1 275/5/1 540/270/1
f 274/4/1 271/1/1 273/3/1
f 272/2/1 273/3/1 271/1/1
f 539/269/1 278/8/1 279/9/1
f 276/6/1 277/7/1 540/270/1
f 278/8/1 540/270/1 277/7/1
f 540/270/1 275/5/1 276/6/1
f 540/270/1 271/1/1 274/4/1
f 539/269/1 279/9/1 280/10/1
f 290/20/1 291/21/1 536/266/1
f 289/19/1 290/20/1 536/266/1
f 291/21/1 292/22/1 536/266/1
f 295/25/1 535/265/1 294/24/1
f 293/23/1 294/24/1 535/265/1
f 292/22/1 293/23/1 535/265/1
f 295/25/1 296/26/1 534/264/1
f 283/13/1 538/268/1 282/12/1
f 281/11/1 282/12/1 539/269/1
f 284/14/1 538/268/1 283/13/1
f 537/267/1 287/17/1 288/18/1
f 285/15/1 286/16/1 537/267/1
f 287/17/1 537/267/1 286/16/1
f 538/268/1 284/14/1 285/15/1
f 288/18/1 289/19/1 536/266/1
f 281/11/1 539/269/1 280/10/1
f 532/262/1 533/263/1 301/31/1
f 297/27/1 534/264/1 296/26/1
f 362/92/1 363/93/1 503/233/1
f 340/70/1 341/71/1 520/250/1
f 502/232/1 363/93/1 364/94/1
f 342/72/1 519/249/1 341/71/1
f 362/92/1 503/233/1 361/91/1
f 360/90/1 361/91/1 504/234/1
f 518/248/1 342/72/1 343/73/1
f 517/247/1 343/73/1 344/74/1
f 334/64/1 526/256/1 333/63/1
f 333/63/1 526/256/1 332/62/1
f 331/61/1 332/62/1 526/256/1
f 339/69/1 334/64/1 338/68/1
f 334/64/1 336/66/1 337/67/1
f 337/67/1 338/68/1 334/64/1
f 336/66/1 334/64/1 335/65/1
f 339/69/1 340/70/1 521/251/1
f 334/64/1 339/69/1 521/251/1
f 505/235/1 359/89/1 360/90/1
f 505/235/1 358/88/1 359/89/1
f 358/88/1 506/236/1 357/87/1
f 356/86/1 357/87/1 507/237/1
f 355/85/1 356/86/1 507/237/1
f 355/85/1 508/238/1 354/84/1
f 354/84/1 509/239/1 353/83/1
f 347/77/1 348/78/1 514/244/1
f 515/245/1 346/76/1 347/77/1
f 349/79/1 513/243/1 348/78/1
f 352/82/1 353/83/1 510/240/1
f 511/241/1 351/81/1 352/82/1
f 351/81/1 511/241/1 350/80/1
f 512/242/1 349/79/1 350/80/1
f 515/245/1 345/75/1 346/76/1
f 344/74/1 345/75/1 516/246/1
f 307/37/1 308/38/1 530/260/1
f 306/36/1 307/37/1 531/261/1
f 308/38/1 309/39/1 530/260/1
f 312/42/1 529/259/1 311/41/1
f 310/40/1 311/41/1 530/260/1
f 309/39/1 310/40/1 530/260/1
f 314/44/1 529/259/1 313/43/1
f 300/30/1 533/263/1 299/29/1
f 298/28/1 299/29/1 533/263/1
f 301/31/1 533/263/1 300/30/1
f 531/261/1 304/34/1 305/35/1
f 302/32/1 303/33/1 532/262/1
f 304/34/1 532/262/1 303/33/1
f 532/262/1 301/31/1 302/32/1
f 305/35/1 306/36/1 531/261/1
f 529/259/1 314/44/1 315/45/1
f 526/256/1 326/56/1 327/57/1
f 326/56/1 526/256/1 325/55/1
f 328/58/1 526/256/1 327/57/1
f 526/256/1 330/60/1 331/61/1
f 526/256/1 329/59/1 330/60/1
f 329/59/1 526/256/1 328/58/1
f 324/54/1 325/55/1 526/256/1
f 318/48/1 319/49/1 528/258/1
f 528/258/1 317/47/1 318/48/1
f 527/257/1 319/49/1 320/50/1
f 323/53/1 324/54/1 527/257/1
f 527/257/1 322/52/1 323/53/1
f 322/52/1 527/257/1 321/51/1
f 527/257/1 320/50/1 321/51/1
f 316/46/1 317/47/1 528/258/1
f 316/46/1 528/258/1 315/45/1
f 313/43/1 529/259/1 312/42/1
f 534/264/1 297/27/1 298/28/1
f 501/231/1 366/96/1 500/230/1
f 178/448/2 177/447/2 176/446/2
f 180/450/2 179/449/2 176/446/2
f 179/449/2 178/448/2 176/446/2
f 182/452/2 181/451/2 176/446/2
f 184/454/2 183/453/2 173/443/2
f 183/453/2 182/452/2 176/446/2
f 181/451/2 180/450/2 176/446/2
f 186/456/2 185/455/2 169/439/2
f 188/458/2 187/457/2 167/437/2
f 187/457/2 186/456/2 168/438/2
f 190/460/2 189/459/2 164/434/2
f 191/461/2 163/433/2 162/432/2
f 191/461/2 190/460/2 163/433/2
f 189/459/2 188/458/2 165/435/2
f 185/455/2 184/454/2 171/441/2
f 183/453/2 175/445/2 174/444/2
f 174/444/2 173/443/2 183/453/2
f 172/442/2 184/454/2 173/443/2
f 184/454/2 172/442/2 171/441/2
f 185/455/2 171/441/2 170/440/2
f 169/439/2 185/455/2 170/440/2
f 175/445/2 183/453/2 176/446/2
f 187/457/2 168/438/2 167/437/2
f 169/439/2 168/438/2 186/456/2
f 160/430/2 193/463/2 192/462/2
f 159/429/2 194/464/2 193/463/2
f 166/436/2 188/458/2 167/437/2
f 188/458/2 166/436/2 165/435/2
f 165/435/2 164/434/2 189/459/2
f 164/434/2 163/433/2 190/460/2
f 194/464/2 158/428/2 195/465/2
f 191/461/2 161/431/2 192/462/2
f 195/465/2 157/427/2 196/466/2
f 197/467/2 154/424/2 198/468/2
f 196/466/2 155/425/2 197/467/2
f 199/469/2 152/422/2 200/470/2
f 201/471/2 149/419/2 202/472/2
f 200/470/2 150/420/2 201/471/2
f 198/468/2 153/423/2 199/469/2
f 203/473/2 147/417/2 204/474/2
f 205/475/2 144/414/2 206/476/2
f 204/474/2 145/415/2 205/475/2
f 207/477/2 141/411/2 208/478/2
f 210/480/2 137/407/2 211/481/2
f 209/479/2 139/409/2 210/480/2
f 208/478/2 140/410/2 209/479/2
f 206/476/2 143/413/2 207/477/2
f 202/472/2 148/418/2 203/473/2
f 212/482/2 134/404/2 213/483/2
f 214/484/2 131/401/2 215/485/2
f 213/483/2 133/403/2 214/484/2
f 216/486/2 128/398/2 217/487/2
f 218/488/2 124/394/2 219/489/2
f 217/487/2 126/396/2 218/488/2
f 215/485/2 130/400/2 216/486/2
f 220/490/2 120/390/2 221/491/2
f 222/492/2 115/385/2 223/493/2
f 221/491/2 118/388/2 222/492/2
f 224/494/2 113/383/2 225/495/2
f 227/497/2 113/383/2 228/498/2
f 226/496/2 113/383/2 227/497/2
f 225/495/2 113/383/2 226/496/2
f 223/493/2 113/383/2 224/494/2
f 219/489/2 122/392/2 220/490/2
f 211/481/2 136/406/2 212/482/2
f 228/498/2 113/383/2 229/499/2
f 160/430/2 159/429/2 193/463/2
f 158/428/2 194/464/2 159/429/2
f 157/427/2 156/426/2 196/466/2
f 155/425/2 196/466/2 156/426/2
f 154/424/2 197/467/2 155/425/2
f 154/424/2 153/423/2 198/468/2
f 157/427/2 195/465/2 158/428/2
f 200/470/2 151/421/2 150/420/2
f 201/471/2 150/420/2 149/419/2
f 151/421/2 200/470/2 152/422/2
f 147/417/2 203/473/2 148/418/2
f 204/474/2 146/416/2 145/415/2
f 204/474/2 147/417/2 146/416/2
f 148/418/2 202/472/2 149/419/2
f 152/422/2 199/469/2 153/423/2
f 192/462/2 161/431/2 160/430/2
f 207/477/2 142/412/2 141/411/2
f 208/478/2 141/411/2 140/410/2
f 142/412/2 207/477/2 143/413/2
f 138/408/2 210/480/2 139/409/2
f 137/407/2 210/480/2 138/408/2
f 139/409/2 209/479/2 140/410/2
f 144/414/2 143/413/2 206/476/2
f 134/404/2 212/482/2 135/405/2
f 133/403/2 213/483/2 134/404/2
f 136/406/2 135/405/2 212/482/2
f 132/402/2 131/401/2 214/484/2
f 129/399/2 216/486/2 130/400/2
f 130/400/2 215/485/2 131/401/2
f 133/403/2 132/402/2 214/484/2
f 137/407/2 136/406/2 211/481/2
f 145/415/2 144/414/2 205/475/2
f 191/461/2 162/432/2 161/431/2
f 125/395/2 218/488/2 126/396/2
f 124/394/2 218/488/2 125/395/2
f 127/397/2 126/396/2 217/487/2
f 123/393/2 122/392/2 219/489/2
f 122/392/2 121/391/2 220/490/2
f 124/394/2 123/393/2 219/489/2
f 217/487/2 128/398/2 127/397/2
f 119/389/2 118/388/2 221/491/2
f 118/388/2 117/387/2 222/492/2
f 221/491/2 120/390/2 119/389/2
f 222/492/2 116/386/2 115/385/2
f 115/385/2 114/384/2 223/493/2
f 113/383/2 112/382/2 111/381/2
f 222/492/2 117/387/2 116/386/2
f 220/490/2 121/391/2 120/390/2
f 216/486/2 129/399/2 128/398/2
f 113/383/2 111/381/2 110/380/2
f 113/383/2 110/380/2 109/379/2
f 109/379/2 108/378/2 113/383/2
f 107/377/2 113/383/2 108/378/2
f 106/376/2 113/383/2 107/377/2
f 106/376/2 105/375/2 113/383/2
f 105/375/2 104/374/2 113/383/2
f 103/373/2 113/383/2 104/374/2
f 102/372/2 113/383/2 103/373/2
f 113/383/2 102/372/2 101/371/2
f 101/371/2 100/370/2 113/383/2
f 99/369/2 113/383/2 100/370/2
f 113/383/2 99/369/2 98/368/2
f 113/383/2 98/368/2 97/367/2
f 97/367/2 230/500/2 113/383/2
f 96/366/2 230/500/2 97/367/2
f 231/501/2 96/366/2 95/365/2
f 223/493/2 114/384/2 113/383/2
f 230/500/2 229/499/2 113/383/2
f 251/521/2 64/334/2 252/522/2
f 253/523/2 64/334/2 254/524/2
f 252/522/2 64/334/2 253/523/2
f 249/519/2 71/341/2 250/520/2
f 248/518/2 72/342/2 249/519/2
f 251/521/2 250/520/2 70/340/2
f 259/529/2 41/311/2 260/530/2
f 261/531/2 34/304/2 262/532/2
f 260/530/2 37/307/2 261/531/2
f 255/525/2 64/334/2 256/526/2
f 257/527/2 49/319/2 258/528/2
f 256/526/2 54/324/2 257/527/2
f 259/529/2 258/528/2 45/315/2
f 254/524/2 64/334/2 255/525/2
f 231/501/2 94/364/2 232/502/2
f 233/503/2 91/361/2 234/504/2
f 232/502/2 93/363/2 233/503/2
f 235/505/2 88/358/2 236/506/2
f 237/507/2 85/355/2 238/508/2
f 236/506/2 87/357/2 237/507/2
f 234/504/2 90/360/2 235/505/2
f 244/514/2 77/347/2 245/515/2
f 246/516/2 74/344/2 247/517/2
f 245/515/2 75/345/2 246/516/2
f 239/509/2 83/353/2 240/510/2
f 242/512/2 79/349/2 243/513/2
f 241/511/2 80/350/2 242/512/2
f 240/510/2 82/352/2 241/511/2
f 244/514/2 243/513/2 78/348/2
f 238/508/2 84/354/2 239/509/2
f 248/518/2 247/517/2 73/343/2
f 231/501/2 95/365/2 94/364/2
f 267/537/2 15/285/2 268/538/2
f 270/540/2 269/539/2 8/278/2
f 268/538/2 12/282/2 269/539/2
f 28/298/2 264/534/2 263/533/2
f 265/535/2 22/292/2 266/536/2
f 264/534/2 25/295/2 265/535/2
f 267/537/2 266/536/2 18/288/2
f 5/275/2 4/274/2 270/540/2
f 1/271/2 4/274/2 3/273/2
f 3/273/2 2/272/2 1/271/2
f 8/278/2 269/539/2 9/279/2
f 7/277/2 6/276/2 270/540/2
f 270/540/2 8/278/2 7/277/2
f 5/275/2 270/540/2 6/276/2
f 1/271/2 270/540/2 4/274/2
f 9/279/2 269/539/2 10/280/2
f 21/291/2 20/290/2 266/536/2
f 20/290/2 19/289/2 266/536/2
f 22/292/2 21/291/2 266/536/2
f 265/535/2 25/295/2 24/294/2
f 24/294/2 23/293/2 265/535/2
f 23/293/2 22/292/2 265/535/2
f 26/296/2 25/295/2 264/534/2
f 268/538/2 13/283/2 12/282/2
f 12/282/2 11/281/2 269/539/2
f 268/538/2 14/284/2 13/283/2
f 17/287/2 267/537/2 18/288/2
f 16/286/2 15/285/2 267/537/2
f 267/537/2 17/287/2 16/286/2
f 14/284/2 268/538/2 15/285/2
f 19/289/2 18/288/2 266/536/2
f 269/539/2 11/281/2 10/280/2
f 263/533/2 262/532/2 31/301/2
f 264/534/2 27/297/2 26/296/2
f 93/363/2 92/362/2 233/503/2
f 71/341/2 70/340/2 250/520/2
f 93/363/2 232/502/2 94/364/2
f 249/519/2 72/342/2 71/341/2
f 233/503/2 92/362/2 91/361/2
f 91/361/2 90/360/2 234/504/2
f 72/342/2 248/518/2 73/343/2
f 73/343/2 247/517/2 74/344/2
f 256/526/2 64/334/2 63/333/2
f 256/526/2 63/333/2 62/332/2
f 62/332/2 61/331/2 256/526/2
f 64/334/2 69/339/2 68/338/2
f 66/336/2 64/334/2 67/337/2
f 68/338/2 67/337/2 64/334/2
f 64/334/2 66/336/2 65/335/2
f 70/340/2 69/339/2 251/521/2
f 69/339/2 64/334/2 251/521/2
f 89/359/2 235/505/2 90/360/2
f 88/358/2 235/505/2 89/359/2
f 236/506/2 88/358/2 87/357/2
f 87/357/2 86/356/2 237/507/2
f 86/356/2 85/355/2 237/507/2
f 238/508/2 85/355/2 84/354/2
f 239/509/2 84/354/2 83/353/2
f 78/348/2 77/347/2 244/514/2
f 76/346/2 245/515/2 77/347/2
f 243/513/2 79/349/2 78/348/2
f 83/353/2 82/352/2 240/510/2
f 81/351/2 241/511/2 82/352/2
f 241/511/2 81/351/2 80/350/2
f 79/349/2 242/512/2 80/350/2
f 75/345/2 245/515/2 76/346/2
f 75/345/2 74/344/2 246/516/2
f 38/308/2 37/307/2 260/530/2
f 37/307/2 36/306/2 261/531/2
f 39/309/2 38/308/2 260/530/2
f 259/529/2 42/312/2 41/311/2
f 41/311/2 40/310/2 260/530/2
f 40/310/2 39/309/2 260/530/2
f 259/529/2 44/314/2 43/313/2
f 263/533/2 30/300/2 29/299/2
f 29/299/2 28/298/2 263/533/2
f 263/533/2 31/301/2 30/300/2
f 34/304/2 261/531/2 35/305/2
f 33/303/2 32/302/2 262/532/2
f 262/532/2 34/304/2 33/303/2
f 31/301/2 262/532/2 32/302/2
f 36/306/2 35/305/2 261/531/2
f 44/314/2 259/529/2 45/315/2
f 56/326/2 256/526/2 57/327/2
f 256/526/2 56/326/2 55/325/2
f 256/526/2 58/328/2 57/327/2
f 60/330/2 256/526/2 61/331/2
f 59/329/2 256/526/2 60/330/2
f 256/526/2 59/329/2 58/328/2
f 55/325/2 54/324/2 256/526/2
f 49/319/2 48/318/2 258/528/2
f 47/317/2 258/528/2 48/318/2
f 49/319/2 257/527/2 50/320/2
f 54/324/2 53/323/2 257/527/2
f 52/322/2 257/527/2 53/323/2
f 257/527/2 52/322/2 51/321/2
f 50/320/2 257/527/2 51/321/2
f 47/317/2 46/316/2 258/528/2
f 258/528/2 46/316/2 45/315/2
f 259/529/2 43/313/2 42/312/2
f 27/297/2 264/534/2 28/298/2
f 96/366/2 231/501/2 230/500/2
f 541/1099/561 1/541/3 2/542/4
f 541/1099/561 2/542/4 272/821/283
f 541/1099/561 272/821/283 271/820/282
f 541/1099/561 271/820/282 1/541/3
f 542/1100/562 2/543/5 3/544/6
f 542/1100/562 3/544/6 273/823/285
f 542/1100/562 273/823/285 272/822/284
f 542/1100/562 272/822/284 2/543/5
f 543/1101/563 3/544/6 4/545/7
f 543/1101/563 4/545/7 274/824/286
f 543/1101/563 274/824/286 273/823/285
f 543/1101/563 273/823/285 3/544/6
f 544/1102/564 4/545/7 5/546/8
f 544/1102/564 5/546/8 275/825/287
f 544/1102/564 275/825/287 274/824/286
f 544/1102/564 274/824/286 4/545/7
f 545/1103/565 5/546/8 6/547/9
f 545/1103/565 6/547/9 276/826/288
f 545/1103/565 276/826/288 275/825/287
f 545/1103/565 275/825/287 5/546/8
f 546/1104/566 6/547/9 7/548/10
f 546/1104/566 7/548/10 277/827/289
f 546/1104/566 277/827/289 276/826/288
f 546/1104/566 276/826/288 6/547/9
f 547/1105/567 7/548/10 8/549/11
f 547/1105/567 8/549/11 278/828/290
f 547/1105/567 278/828/290 277/827/289
f 547/1105/567 277/827/289 7/548/10
f 548/1106/568 8/549/11 9/550/12
f 548/1106/568 9/550/12 279/829/291
f 548/1106/568 279/829/291 278/828/290
f 548/1106/568 278/828/290 8/549/11
f 549/1107/569 9/550/12 10/551/13
f 549/1107/569 10/551/13 280/830/292
f 549/1107/569 280/830/292 279/829/291
f 549/1107/569 279/829/291 9/550/12
f 550/1108/570 10/551/13 11/552/14
f 550/1108/570 11/552/14 281/831/293
f 550/1108/570 281/831/293 280/830/292
f 550/1108/570 280/830/292 10/551/13
f 551/1109/571 11/552/14 12/553/15
f 551/1109/571 12/553/15 282/832/294
f 551/1109/571 282/832/294 281/831/293
f 551/1109/571 281/831/293 11/552/14
f 552/1110/572 12/553/15 13/554/16
f 552/1110/572 13/554/16 283/833/295
f 552/1110/572 283/833/295 282/832/294
f 552/1110/572 282/832/294 12/553/15
f 553/1111/573 13/554/16 14/555/17
f 553/1111/573 14/555/17 284/834/296
f 553/1111/573 284/834/296 283/833/295
f 553/1111/573 283/833/295 13/554/16
f 554/1112/574 14/555/17 15/556/18
f 554/1112/574 15/556/18 285/835/297
f 554/1112/574 285/835/297 284/834/296
f 554/1112/574 284/834/296 14/555/17
f 555/1113/575 15/556/18 16/557/19
f 555/1113/575 16/557/19 286/836/298
f 555/1113/575 286/836/298 285/835/297
f 555/1113/575 285/835/297 15/556/18
f 556/1114/576 16/557/19 17/558/20
f 556/1114/576 17/558/20 287/837/299
f 556/1114/576 287/837/299 286/836/298
f 556/1114/576 286/836/298 16/557/19
f 557/1115/577 17/558/20 18/559/21
f 557/1115/577 18/559/21 288/838/300
f 557/1115/577 288/838/300 287/837/299
f 557/1115/577 287/837/299 17/558/20
f 558/1116/578 18/559/21 19/560/22
f 558/1116/578 19/560/22 289/839/301
f 558/1116/578 289/839/301 288/838/300
f 558/1116/578 288/838/300 18/559/21
f 559/1117/579 19/560/22 20/561/23
f 559/1117/579 20/561/23 290/840/302
f 559/1117/579 290/840/302 289/839/301
f 559/1117/579 289/839/301 19/560/22
f 560/1118/580 20/561/23 21/562/24
f 560/1118/580 21/562/24 291/841/303
f 560/1118/580 291/841/303 290/840/302
f 560/1118/580 290/840/302 20/561/23
f 561/1119/581 21/562/24 22/563/25
f 561/1119/581 22/563/25 292/842/304
f 561/1119/581 292/842/304 291/841/303
f 561/1119/581 291/841/303 21/562/24
f 562/1120/582 22/563/25 23/564/26
f 562/1120/582 23/564/26 293/843/305
f 562/1120/582 293/843/305 292/842/304
f 562/1120/582 292/842/304 22/563/25
f 563/1121/583 23/564/26 24/565/27
f 563/1121/583 24/565/27 294/844/306
f 563/1121/583 294/844/306 293/843/305
f 563/1121/583 293/843/305 23/564/26
f 564/1122/584 24/565/27 25/566/28
f 564/1122/584 25/566/28 295/845/307
f 564/1122/584 295/845/307 294/844/306
f 564/1122/584 294/844/306 24/565/27
f 565/1123/585 25/566/28 26/567/29
f 565/1123/585 26/567/29 296/846/308
f 565/1123/585 296/846/308 295/845/307
f 565/1123/585 295/845/307 25/566/28
f 566/1124/586 26/567/29 27/568/30
f 566/1124/586 27/568/30 297/847/309
f 566/1124/586 297/847/309 296/846/308
f 566/1124/586 296/846/308 26/567/29
f 567/1125/587 27/568/30 28/569/31
f 567/1125/587 28/569/31 298/848/310
f 567/1125/587 298/848/310 297/847/309
f 567/1125/587 297/847/309 27/568/30
f 568/1126/588 28/569/31 29/570/32
f 568/1126/588 29/570/32 299/849/311
f 568/1126/588 299/849/311 298/848/310
f 568/1126/588 298/848/310 28/569/31
f 569/1127/589 29/570/32 30/571/33
f 569/1127/589 30/571/33 300/850/312
f 569/1127/589 300/850/312 299/849/311
f 569/1127/589 299/849/311 29/570/32
f 570/1128/590 30/571/33 31/572/34
f 570/1128/590 31/572/34 301/851/313
f 570/1128/590 301/851/313 300/850/312
f 570/1128/590 300/850/312 30/571/33
f 571/1129/591 31/572/34 32/573/35
f 571/1129/591 32/573/35 302/852/314
f 571/1129/591 302/852/314 301/851/313
f 571/1129/591 301/851/313 31/572/34
f 572/1130/592 32/573/35 33/574/36
f 572/1130/592 33/574/36 303/853/315
f 572/1130/592 303/853/315 302/852/314
f 572/1130/592 302/852/314 32/573/35
f 573/1131/593 33/574/36 34/575/37
f 573/1131/593 34/575/37 304/854/316
f 573/1131/593 304/854/316 303/853/315
f 573/1131/593 303/853/315 33/574/36
f 574/1132/594 34/575/37 35/576/38
f 574/1132/594 35/576/38 305/855/317
f 574/1132/594 305/855/317 304/854/316
f 574/1132/594 304/854/316 34/575/37
f 575/1133/595 35/576/38 36/577/39
f 575/1133/595 36/577/39 306/856/318
f 575/1133/595 306/856/318 305/855/317
f 575/1133/595 305/855/317 35/576/38
f 576/1134/596 36/577/39 37/578/40
f 576/1134/596 37/578/40 307/857/319
f 576/1134/596 307/857/319 306/856/318
f 576/1134/596 306/856/318 36/577/39
f 577/1135/597 37/578/40 38/579/41
f 577/1135/597 38/579/41 308/858/320
f 577/1135/597 308/858/320 307/857/319
f 577/1135/597 307/857/319 37/578/40
f 578/1136/598 38/579/41 39/580/42
f 578/1136/598 39/580/42 309/859/321
f 578/1136/598 309/859/321 308/858/320
f 578/1136/598 308/858/320 38/579/41
f 579/1137/599 39/580/42 40/581/43
f 579/1137/599 40/581/43 310/860/322
f 579/1137/599 310/860/322 309/859/321
f 579/1137/599 309/859/321 39/580/42
f 580/1138/600 40/581/43 41/582/44
f 580/1138/600 41/582/44 311/861/323
f 580/1138/600 311/861/323 310/860/322
f 580/1138/600 310/860/322 40/581/43
f 581/1139/601 41/582/44 42/583/45
f 581/1139/601 42/583/45 312/862/324
f 581/1139/601 312/862/324 311/861/323
f 581/1139/601 311/861/323 41/582/44
f 582/1140/602 42/583/45 43/584/46
f 582/1140/602 43/584/46 313/863/325
f 582/1140/602 313/863/325 312/862/324
f 582/1140/602 312/862/324 42/583/45
f 583/1141/603 43/584/46 44/585/47
f 583/1141/603 44/585/47 314/864/326
f 583/1141/603 314/864/326 313/863/325
f 583/1141/603 313/863/325 43/584/46
f 584/1142/604 44/585/47 45/586/48
f 584/1142/604 45/586/48 315/865/327
f 584/1142/604 315/865/327 314/864/326
f 584/1142/604 314/864/326 44/585/47
f 585/1143/605 45/586/48 46/587/49
f 585/1143/605 46/587/49 316/866/328
f 585/1143/605 316/866/328 315/865/327
f 585/1143/605 315/865/327 45/586/48
f 586/1144/606 46/587/49 47/588/50
f 586/1144/606 47/588/50 317/867/329
f 586/1144/606 317/867/329 316/866/328
f 586/1144/606 316/866/328 46/587/49
f 587/1145/607 47/588/50 48/589/51
f 587/1145/607 48/589/51 318/868/330
f 587/1145/607 318/868/330 317/867/329
f 587/1145/607 317/867/329 47/588/50
f 588/1146/608 48/589/51 49/590/52
f 588/1146/608 49/590/52 319/869/331
f 588/1146/608 319/869/331 318/868/330
f 588/1146/608 318/868/330 48/589/51
f 589/1147/609 49/590/52 50/591/53
f 589/1147/609 50/591/53 320/870/332
f 589/1147/609 320/870/332 319/869/331
f 589/1147/609 319/869/331 49/590/52
f 590/1148/610 50/591/53 51/592/54
f 590/1148/610 51/592/54 321/871/333
f 590/1148/610 321/871/333 320/870/332
f 590/1148/610 320/870/332 50/591/53
f 591/1149/611 51/592/54 52/593/55
f 591/1149/611 52/593/55 322/872/334
f 591/1149/611 322/872/334 321/871/333
f 591/1149/611 321/871/333 51/592/54
f 592/1150/612 52/593/55 53/594/56
f 592/1150/612 53/594/56 323/873/335
f 592/1150/612 323/873/335 322/872/334
f 592/1150/612 322/872/334 52/593/55
f 593/1151/613 53/594/56 54/595/57
f 593/1151/613 54/595/57 324/874/336
f 593/1151/613 324/874/336 323/873/335
f 593/1151/613 323/873/335 53/594/56
f 594/1152/614 54/595/57 55/596/58
f 594/1152/614 55/596/58 325/875/337
f 594/1152/614 325/875/337 324/874/336
f 594/1152/614 324/874/336 54/595/57
f 595/1153/615 55/596/58 56/597/59
f 595/1153/615 56/597/59 326/876/338
f 595/1153/615 326/876/338 325/875/337
f 595/1153/615 325/875/337 55/596/58
f 596/1154/616 56/597/59 57/598/60
f 596/1154/616 57/598/60 327/877/339
f 596/1154/616 327/877/339 326/876/338
f 596/1154/616 326/876/338 56/597/59
f 597/1155/617 57/598/60 58/599/61
f 597/1155/617 58/599/61 328/878/340
f 597/1155/617 328/878/340 327/877/339
f 597/1155/617 327/877/339 57/598/60
f 598/1156/618 58/599/61 59/600/62
f 598/1156/618 59/600/62 329/879/341
f 598/1156/618 329/879/341 328/878/340
f 598/1156/618 328/878/340 58/599/61
f 599/1157/619 59/600/62 60/601/63
f 599/1157/619 60/601/63 330/880/342
f 599/1157/619 330/880/342 329/879/341
f 599/1157/619 329/879/341 59/600/62
f 600/1158/620 60/601/63 61/602/64
f 600/1158/620 61/602/64 331/881/343
f 600/1158/620 331/881/343 330/880/342
f 600/1158/620 330/880/342 60/601/63
f 601/1159/621 61/602/64 62/603/65
f 601/1159/621 62/603/65 332/882/344
f 601/1159/621 332/882/344 331/881/343
f 601/1159/621 331/881/343 61/602/64
f 602/1160/622 62/603/65 63/604/66
f 602/1160/622 63/604/66 333/883/345
f 602/1160/622 333/883/345 332/882/344
f 602/1160/622 332/882/344 62/603/65
f 603/1161/623 63/604/66 64/605/67
f 603/1161/623 64/605/67 334/884/346
f 603/1161/623 334/884/346 333/883/345
f 603/1161/623 333/883/345 63/604/66
f 604/1162/624 64/606/68 65/607/69
f 604/1162/624 65/607/69 335/886/348
f 604/1162/624 335/886/348 334/885/347
f 604/1162/624 334/885/347 64/606/68
f 605/1163/625 65/608/70 66/609/71
f 605/1163/625 66/609/71 336/888/350
f 605/1163/625 336/888/350 335/887/349
f 605/1163/625 335/887/349 65/608/70
f 606/1164/626 66/609/71 67/610/72
f 606/1164/626 67/610/72 337/889/351
f 606/1164/626 337/889/351 336/888/350
f 606/1164/626 336/888/350 66/609/71
f 607/1165/627 67/610/72 68/611/73
f 607/1165/627 68/611/73 338/890/352
f 607/1165/627 338/890/352 337/889/351
f 607/1165/627 337/889/351 67/610/72
f 608/1166/628 68/611/73 69/612/74
f 608/1166/628 69/612/74 339/891/353
f 608/1166/628 339/891/353 338/890/352
f 608/1166/628 338/890/352 68/611/73
f 609/1167/629 69/612/74 70/613/75
f 609/1167/629 70/613/75 340/892/354
f 609/1167/629 340/892/354 339/891/353
f 609/1167/629 339/891/353 69/612/74
f 610/1168/630 70/613/75 71/614/76
f 610/1168/630 71/614/76 341/893/355
f 610/1168/630 341/893/355 340/892/354
f 610/1168/630 340/892/354 70/613/75
f 611/1169/631 71/614/76 72/615/77
f 611/1169/631 72/615/77 342/894/356
f 611/1169/631 342/894/356 341/893/355
f 611/1169/631 341/893/355 71/614/76
f 612/1170/632 72/615/77 73/616/78
f 612/1170/632 73/616/78 343/895/357
f 612/1170/632 343/895/357 342/894/356
f 612/1170/632 342/894/356 72/615/77
f 613/1171/633 73/616/78 74/617/79
f 613/1171/633 74/617/79 344/896/358
f 613/1171/633 344/896/358 343/895/357
f 613/1171/633 343/895/357 73/616/78
f 614/1172/634 74/617/79 75/618/80
f 614/1172/634 75/618/80 345/897/359
f 614/1172/634 345/897/359 344/896/358
f 614/1172/634 344/896/358 74/617/79
f 615/1173/635 75/618/80 76/619/81
f 615/1173/635 76/619/81 346/898/360
f 615/1173/635 346/898/360 345/897/359
f 615/1173/635 345/897/359 75/618/80
f 616/1174/636 76/619/81 77/620/82
f 616/1174/636 77/620/82 347/899/361
f 616/1174/636 347/899/361 346/898/360
f 616/1174/636 346/898/360 76/619/81
f 617/1175/637 77/620/82 78/621/83
f 617/1175/637 78/621/83 348/900/362
f 617/1175/637 348/900/362 347/899/361
f 617/1175/637 347/899/361 77/620/82
f 618/1176/638 78/621/83 79/622/84
f 618/1176/638 79/622/84 349/901/363
f 618/1176/638 349/901/363 348/900/362
f 618/1176/638 348/900/362 78/621/83
f 619/1177/639 79/622/84 80/623/85
f 619/1177/639 80/623/85 350/902/364
f 619/1177/639 350/902/364 349/901/363
f 619/1177/639 349/901/363 79/622/84
f 620/1178/640 80/623/85 81/624/86
f 620/1178/640 81/624/86 351/903/365
f 620/1178/640 351/903/365 350/902/364
f 620/1178/640 350/902/364 80/623/85
f 621/1179/641 81/624/86 82/625/87
f 621/1179/641 82/625/87 352/904/366
f 621/1179/641 352/904/366 351/903/365
f 621/1179/641 351/903/365 81/624/86
f 622/1180/642 82/625/87 83/626/88
f 622/1180/642 83/626/88 353/905/367
f 622/1180/642 353/905/367 352/904/366
f 622/1180/642 352/904/366 82/625/87
f 623/1181/643 83/626/88 84/627/89
f 623/1181/643 84/627/89 354/906/368
f 623/1181/643 354/906/368 353/905/367
f 623/1181/643 353/905/367 83/626/88
f 624/1182/644 84/627/89 85/628/90
f 624/1182/644 85/628/90 355/907/369
f 624/1182/644 355/907/369 354/906/368
f 624/1182/644 354/906/368 84/627/89
f 625/1183/645 85/628/90 86/629/91
f 625/1183/645 86/629/91 356/908/370
f 625/1183/645 356/908/370 355/907/369
f 625/1183/645 355/907/369 85/628/90
f 626/1184/646 86/629/91 87/630/92
f 626/1184/646 87/630/92 357/909/371
f 626/1184/646 357/909/371 356/908/370
f 626/1184/646 356/908/370 86/629/91
f 627/1185/647 87/630/92 88/631/93
f 627/1185/647 88/631/93 358/910/372
f 627/1185/647 358/910/372 357/909/371
f 627/1185/647 357/909/371 87/630/92
f 628/1186/648 88/631/93 89/632/94
f 628/1186/648 89/632/94 359/911/373
f 628/1186/648 359/911/373 358/910/372
f 628/1186/648 358/910/372 88/631/93
f 629/1187/649 89/632/94 90/633/95
f 629/1187/649 90/633/95 360/912/374
f 629/1187/649 360/912/374 359/911/373
f 629/1187/649 359/911/373 89/632/94
f 630/1188/650 90/633/95 91/634/96
f 630/1188/650 91/634/96 361/913/375
f 630/1188/650 361/913/375 360/912/374
f 630/1188/650 360/912/374 90/633/95
f 631/1189/651 91/634/96 92/635/97
f 631/1189/651 92/635/97 362/914/376
f 631/1189/651 362/914/376 361/913/375
f 631/1189/651 361/913/375 91/634/96
f 632/1190/652 92/635/97 93/636/98
f 632/1190/652 93/636/98 363/915/377
f 632/1190/652 363/915/377 362/914/376
f 632/1190/652 362/914/376 92/635/97
f 633/1191/653 93/636/98 94/637/99
f 633/1191/653 94/637/99 364/916/378
f 633/1191/653 364/916/378 363/915/377
f 633/1191/653 363/915/377 93/636/98
f 634/1192/654 94/637/99 95/638/100
f 634/1192/654 95/638/100 365/917/379
f 634/1192/654 365/917/379 364/916/378
f 634/1192/654 364/916/378 94/637/99
f 635/1193/655 95/638/100 96/639/101
f 635/1193/655 96/639/101 366/918/380
f 635/1193/655 366/918/380 365/917/379
f 635/1193/655 365/917/379 95/638/100
f 636/1194/656 96/639/101 97/640/102
f 636/1194/656 97/640/102 367/919/381
f 636/1194/656 367/919/381 366/918/380
f 636/1194/656 366/918/380 96/639/101
f 637/1195/657 97/640/102 98/641/103
f 637/1195/657 98/641/103 368/920/382
f 637/1195/657 368/920/382 367/919/381
f 637/1195/657 367/919/381 97/640/102
f 638/1196/658 98/641/103 99/642/104
f 638/1196/658 99/642/104 369/921/383
f 638/1196/658 369/921/383 368/920/382
f 638/1196/658 368/920/382 98/641/103
f 639/1197/659 99/642/104 100/643/105
f 639/1197/659 100/643/105 370/922/384
f 639/1197/659 370/922/384 369/921/383
f 639/1197/659 369/921/383 99/642/104
f 640/1198/660 100/643/105 101/644/106
f 640/1198/660 101/644/106 371/923/385
f 640/1198/660 371/923/385 370/922/384
f 640/1198/660 370/922/384 100/643/105
f 641/1199/661 101/644/106 102/645/107
f 641/1199/661 102/645/107 372/924/386
f 641/1199/661 372/924/386 371/923/385
f 641/1199/661 371/923/385 101/644/106
f 642/1200/662 102/645/107 103/646/108
f 642/1200/662 103/646/108 373/925/387
f 642/1200/662 373/925/387 372/924/386
f 642/1200/662 372/924/386 102/645/107
f 643/1201/663 103/646/108 104/647/109
f 643/1201/663 104/647/109 374/926/388
f 643/1201/663 374/926/388 373/925/387
f 643/1201/663 373/925/387 103/646/108
f 644/1202/664 104/647/109 105/648/110
f 644/1202/664 105/648/110 375/927/389
f 644/1202/664 375/927/389 374/926/388
f 644/1202/664 374/926/388 104/647/109
f 645/1203/665 105/648/110 106/649/111
f 645/1203/665 106/649/111 376/928/390
f 645/1203/665 376/928/390 375/927/389
f 645/1203/665 375/927/389 105/648/110
f 646/1204/666 106/649/111 107/650/112
f 646/1204/666 107/650/112 377/929/391
f 646/1204/666 377/929/391 376/928/390
f 646/1204/666 376/928/390 106/649/111
f 647/1205/667 107/650/112 108/651/113
f 647/1205/667 108/651/113 378/930/392
f 647/1205/667 378/930/392 377/929/391
f 647/1205/667 377/929/391 107/650/112
f 648/1206/668 108/651/113 109/652/114
f 648/1206/668 109/652/114 379/931/393
f 648/1206/668 379/931/393 378/930/392
f 648/1206/668 378/930/392 108/651/113
f 649/1207/669 109/652/114 110/653/115
f 649/1207/669 110/653/115 380/932/394
f 649/1207/669 380/932/394 379/931/393
f 649/1207/669 379/931/393 109/652/114
f 650/1208/670 110/653/115 111/654/116
f 650/1208/670 111/654/116 381/933/395
f 650/1208/670 381/933/395 380/932/394
f 650/1208/670 380/932/394 110/653/115
f 651/1209/671 111/654/116 112/655/117
f 651/1209/671 112/655/117 382/934/396
f 651/1209/671 382/934/396 381/933/395
f 651/1209/671 381/933/395 111/654/116
f 652/1210/672 112/656/118 113/657/119
f 652/1210/672 113/657/119 383/936/398
f 652/1210/672 383/936/398 382/935/397
f 652/1210/672 382/935/397 112/656/118
f 653/1211/673 113/658/120 114/659/121
f 653/1211/673 114/659/121 384/938/400
f 653/1211/673 384/938/400 383/937/399
f 653/1211/673 383/937/399 113/658/120
f 654/1212/674 114/659/121 115/660/122
f 654/1212/674 115/660/122 385/939/401
f 654/1212/674 385/939/401 384/938/400
f 654/1212/674 384/938/400 114/659/121
f 655/1213/675 115/660/122 116/661/123
f 655/1213/675 116/661/123 386/940/402
f 655/1213/675 386/940/402 385/939/401
f 655/1213/675 385/939/401 115/660/122
f 656/1214/676 116/661/123 117/662/124
f 656/1214/676 117/662/124 387/941/403
f 656/1214/676 387/941/403 386/940/402
f 656/1214/676 386/940/402 116/661/123
f 657/1215/677 117/662/124 118/663/125
f 657/1215/677 118/663/125 388/942/404
f 657/1215/677 388/942/404 387/941/403
f 657/1215/677 387/941/403 117/662/124
f 658/1216/678 118/663/125 119/664/126
f 658/1216/678 119/664/126 389/943/405
f 658/1216/678 389/943/405 388/942/404
f 658/1216/678 388/942/404 118/663/125
f 659/1217/679 119/664/126 120/665/127
f 659/1217/679 120/665/127 390/944/406
f 659/1217/679 390/944/406 389/943/405
f 659/1217/679 389/943/405 119/664/126
f 660/1218/680 120/665/127 121/666/128
f 660/1218/680 121/666/128 391/945/407
f 660/1218/680 391/945/407 390/944/406
f 660/1218/680 390/944/406 120/665/127
f 661/1219/681 121/666/128 122/667/129
f 661/1219/681 122/667/129 392/946/408
f 661/1219/681 392/946/408 391/945/407
f 661/1219/681 391/945/407 121/666/128
f 662/1220/682 122/667/129 123/668/130
f 662/1220/682 123/668/130 393/947/409
f 662/1220/682 393/947/409 392/946/408
f 662/1220/682 392/946/408 122/667/129
f 663/1221/683 123/668/130 124/669/131
f 663/1221/683 124/669/131 394/948/410
f 663/1221/683 394/948/410 393/947/409
f 663/1221/683 393/947/409 123/668/130
f 664/1222/684 124/669/131 125/670/132
f 664/1222/684 125/670/132 395/949/411
f 664/1222/684 395/949/411 394/948/410
f 664/1222/684 394/948/410 124/669/131
f 665/1223/685 125/670/132 126/671/133
f 665/1223/685 126/671/133 396/950/412
f 665/1223/685 396/950/412 395/949/411
f 665/1223/685 395/949/411 125/670/132
f 666/1224/686 126/671/133 127/672/134
f 666/1224/686 127/672/134 397/951/413
f 666/1224/686 397/951/413 396/950/412
f 666/1224/686 396/950/412 126/671/133
f 667/1225/687 127/672/134 128/673/135
f 667/1225/687 128/673/135 398/952/414
f 667/1225/687 398/952/414 397/951/413
f 667/1225/687 397/951/413 127/672/134
f 668/1226/688 128/673/135 129/674/136
f 668/1226/688 129/674/136 399/953/415
f 668/1226/688 399/953/415 398/952/414
f 668/1226/688 398/952/414 128/673/135
f 669/1227/689 129/674/136 130/675/137
f 669/1227/689 130/675/137 400/954/416
f 669/1227/689 400/954/416 399/953/415
f 669/1227/689 399/953/415 129/674/136
f 670/1228/690 130/675/137 131/676/138
f 670/1228/690 131/676/138 401/955/417
f 670/1228/690 401/955/417 400/954/416
f 670/1228/690 400/954/416 130/675/137
f 671/1229/691 131/676/138 132/677/139
f 671/1229/691 132/677/139 402/956/418
f 671/1229/691 402/956/418 401/955/417
f 671/1229/691 401/955/417 131/676/138
f 672/1230/692 132/677/139 133/678/140
f 672/1230/692 133/678/140 403/957/419
f 672/1230/692 403/957/419 402/956/418
f 672/1230/692 402/956/418 132/677/139
f 673/1231/693 133/678/140 134/679/141
f 673/1231/693 134/679/141 404/958/420
f 673/1231/693 404/958/420 403/957/419
f 673/1231/693 403/957/419 133/678/140
f 674/1232/694 134/679/141 135/680/142
f 674/1232/694 135/680/142 405/959/421
f 674/1232/694 405/959/421 404/958/420
f 674/1232/694 404/958/420 134/679/141
f 675/1233/695 135/680/142 136/681/143
f 675/1233/695 136/681/143 406/960/422
f 675/1233/695 406/960/422 405/959/421
f 675/1233/695 405/959/421 135/680/142
f 676/1234/696 136/681/143 137/682/144
f 676/1234/696 137/682/144 407/961/423
f 676/1234/696 407/961/423 406/960/422
f 676/1234/696 406/960/422 136/681/143
f 677/1235/697 137/682/144 138/683/145
f 677/1235/697 138/683/145 408/962/424
f 677/1235/697 408/962/424 407/961/423
f 677/1235/697 407/961/423 137/682/144
f 678/1236/698 138/683/145 139/684/146
f 678/1236/698 139/684/146 409/963/425
f 678/1236/698 409/963/425 408/962/424
f 678/1236/698 408/962/424 138/683/145
f 679/1237/699 139/684/146 140/685/147
f 679/1237/699 140/685/147 410/964/426
f 679/1237/699 410/964/426 409/963/425
f 679/1237/699 409/963/425 139/684/146
f 680/1238/700 140/685/147 141/686/148
f 680/1238/700 141/686/148 411/965/427
f 680/1238/700 411/965/427 410/964/426
f 680/1238/700 410/964/426 140/685/147
f 681/1239/701 141/686/148 142/687/149
f 681/1239/701 142/687/149 412/966/428
f 681/1239/701 412/966/428 411/965/427
f 681/1239/701 411/965/427 141/686/148
f 682/1240/702 142/687/149 143/688/150
f 682/1240/702 143/688/150 413/967/429
f 682/1240/702 413/967/429 412/966/428
f 682/1240/702 412/966/428 142/687/149
f 683/1241/703 143/688/150 144/689/151
f 683/1241/703 144/689/151 414/968/430
f 683/1241/703 414/968/430 413/967/429
f 683/1241/703 413/967/429 143/688/150
f 684/1242/704 144/689/151 145/690/152
f 684/1242/704 145/690/152 415/969/431
f 684/1242/704 415/969/431 414/968/430
f 684/1242/704 414/968/430 144/689/151
f 685/1243/705 145/690/152 146/691/153
f 685/1243/705 146/691/153 416/970/432
f 685/1243/705 416/970/432 415/969/431
f 685/1243/705 415/969/431 145/690/152
f 686/1244/706 146/691/153 147/692/154
f 686/1244/706 147/692/154 417/971/433
f 686/1244/706 417/971/433 416/970/432
f 686/1244/706 416/970/432 146/691/153
f 687/1245/707 147/692/154 148/693/155
f 687/1245/707 148/693/155 418/972/434
f 687/1245/707 418/972/434 417/971/433
f 687/1245/707 417/971/433 147/692/154
f 688/1246/708 148/693/155 149/694/156
f 688/1246/708 149/694/156 419/973/435
f 688/1246/708 419/973/435 418/972/434
f 688/1246/708 418/972/434 148/693/155
f 689/1247/709 149/694/156 150/695/157
f 689/1247/709 150/695/157 420/974/436
f 689/1247/709 420/974/436 419/973/435
f 689/1247/709 419/973/435 149/694/156
f 690/1248/710 150/695/157 151/696/158
f 690/1248/710 151/696/158 421/975/437
f 690/1248/710 421/975/437 420/974/436
f 690/1248/710 420/974/436 150/695/157
f 691/1249/711 151/696/158 152/697/159
f 691/1249/711 152/697/159 422/976/438
f 691/1249/711 422/976/438 421/975/437
f 691/1249/711 421/975/437 151/696/158
f 692/1250/712 152/697/159 153/698/160
f 692/1250/712 153/698/160 423/977/439
f 692/1250/712 423/977/439 422/976/438
f 692/1250/712 422/976/438 152/697/159
f 693/1251/713 153/698/160 154/699/161
f 693/1251/713 154/699/161 424/978/440
f 693/1251/713 424/978/440 423/977/439
f 693/1251/713 423/977/439 153/698/160
f 694/1252/714 154/699/161 155/700/162
f 694/1252/714 155/700/162 425/979/441
f 694/1252/714 425/979/441 424/978/440
f 694/1252/714 424/978/440 154/699/161
f 695/1253/715 155/700/162 156/701/163
f 695/1253/715 156/701/163 426/980/442
f 695/1253/715 426/980/442 425/979/441
f 695/1253/715 425/979/441 155/700/162
f 696/1254/716 156/701/163 157/702/164
f 696/1254/716 157/702/164 427/981/443
f 696/1254/716 427/981/443 426/980/442
f 696/1254/716 426/980/442 156/701/163
f 697/1255/717 157/702/164 158/703/165
f 697/1255/717 158/703/165 428/982/444
f 697/1255/717 428/982/444 427/981/443
f 697/1255/717 427/981/443 157/702/164
f 698/1256/718 158/703/165 159/704/166
f 698/1256/718 159/704/166 429/983/445
f 698/1256/718 429/983/445 428/982/444
f 698/1256/718 428/982/444 158/703/165
f 699/1257/719 159/704/166 160/705/167
f 699/1257/719 160/705/167 430/984/446
f 699/1257/719 430/984/446 429/983/445
f 699/1257/719 429/983/445 159/704/166
f 700/1258/720 160/705/167 161/706/168
f 700/1258/720 161/706/168 431/985/447
f 700/1258/720 431/985/447 430/984/446
f 700/1258/720 430/984/446 160/705/167
f 701/1259/721 161/706/168 162/707/169
f 701/1259/721 162/707/169 432/986/448
f 701/1259/721 432/986/448 431/985/447
f 701/1259/721 431/985/447 161/706/168
f 702/1260/722 162/707/169 163/708/170
f 702/1260/722 163/708/170 433/987/449
f 702/1260/722 433/987/449 432/986/448
f 702/1260/722 432/986/448 162/707/169
f 703/1261/723 163/708/170 164/709/171
f 703/1261/723 164/709/171 434/988/450
f 703/1261/723 434/988/450 433/987/449
f 703/1261/723 433/987/449 163/708/170
f 704/1262/724 164/709/171 165/710/172
f 704/1262/724 165/710/172 435/989/451
f 704/1262/724 435/989/451 434/988/450
f 704/1262/724 434/988/450 164/709/171
f 705/1263/725 165/710/172 166/711/173
f 705/1263/725 166/711/173 436/990/452
f 705/1263/725 436/990/452 435/989/451
f 705/1263/725 435/989/451 165/710/172
f 706/1264/726 166/711/173 167/712/174
f 706/1264/726 167/712/174 437/991/453
f 706/1264/726 437/991/453 436/990/452
f 706/1264/726 436/990/452 166/711/173
f 707/1265/727 167/712/174 168/713/175
f 707/1265/727 168/713/175 438/992/454
f 707/1265/727 438/992/454 437/991/453
f 707/1265/727 437/991/453 167/712/174
f 708/1266/728 168/713/175 169/714/176
f 708/1266/728 169/714/176 439/993/455
f 708/1266/728 439/993/455 438/992/454
f 708/1266/728 438/992/454 168/713/175
f 709/1267/729 169/714/176 170/715/177
f 709/1267/729 170/715/177 440/994/456
f 709/1267/729 440/994/456 439/993/455
f 709/1267/729 439/993/455 169/714/176
f 710/1268/730 170/715/177 171/716/178
f 710/1268/730 171/716/178 441/995/457
f 710/1268/730 441/995/457 440/994/456
f 710/1268/730 440/994/456 170/715/177
f 711/1269/731 171/716/178 172/717/179
f 711/1269/731 172/717/179 442/996/458
f 711/1269/731 442/996/458 441/995/457
f 711/1269/731 441/995/457 171/716/178
f 712/1270/732 172/717/179 173/718/180
f 712/1270/732 173/718/180 443/997/459
f 712/1270/732 443/997/459 442/996/458
f 712/1270/732 442/996/458 172/717/179
f 713/1271/733 173/718/180 174/719/181
f 713/1271/733 174/719/181 444/998/460
f 713/1271/733 444/998/460 443/997/459
f 713/1271/733 443/997/459 173/718/180
f 714/1272/734 174/719/181 175/720/182
f 714/1272/734 175/720/182 445/999/461
f 714/1272/734 445/999/461 444/998/460
f 714/1272/734 444/998/460 174/719/181
f 715/1273/735 175/720/182 176/721/183
f 715/1273/735 176/721/183 446/1000/462
f 715/1273/735 446/1000/462 445/999/461
f 715/1273/735 445/999/461 175/720/182
f 716/1274/736 176/722/184 177/723/185
f 716/1274/736 177/723/185 447/1002/464
f 716/1274/736 447/1002/464 446/1001/463
f 716/1274/736 446/1001/463 176/722/184
f 717/1275/737 177/724/186 178/725/187
f 717/1275/737 178/725/187 448/1004/466
f 717/1275/737 448/1004/466 447/1003/465
f 717/1275/737 447/1003/465 177/724/186
f 718/1276/738 178/725/187 179/726/188
f 718/1276/738 179/726/188 449/1005/467
f 718/1276/738 449/1005/467 448/1004/466
f 718/1276/738 448/1004/466 178/725/187
f 719/1277/739 179/726/188 180/727/189
f 719/1277/739 180/727/189 450/1006/468
f 719/1277/739 450/1006/468 449/1005/467
f 719/1277/739 449/1005/467 179/726/188
f 720/1278/740 180/727/189 181/728/190
f 720/1278/740 181/728/190 451/1007/469
f 720/1278/740 451/1007/469 450/1006/468
f 720/1278/740 450/1006/468 180/727/189
f 721/1279/741 181/728/190 182/729/191
f 721/1279/741 182/729/191 452/1008/470
f 721/1279/741 452/1008/470 451/1007/469
f 721/1279/741 451/1007/469 181/728/190
f 722/1280/742 182/729/191 183/730/192
f 722/1280/742 183/730/192 453/1009/471
f 722/1280/742 453/1009/471 452/1008/470
f 722/1280/742 452/1008/470 182/729/191
f 723/1281/743 183/730/192 184/731/193
f 723/1281/743 184/731/193 454/1010/472
f 723/1281/743 454/1010/472 453/1009/471
f 723/1281/743 453/1009/471 183/730/192
f 724/1282/744 184/731/193 185/732/194
f 724/1282/744 185/732/194 455/1011/473
f 724/1282/744 455/1011/473 454/1010/472
f 724/1282/744 454/1010/472 184/731/193
f 725/1283/745 185/732/194 186/733/195
f 725/1283/745 186/733/195 456/1012/474
f 725/1283/745 456/1012/474 455/1011/473
f 725/1283/745 455/1011/473 185/732/194
f 726/1284/746 186/733/195 187/734/196
f 726/1284/746 187/734/196 457/1013/475
f 726/1284/746 457/1013/475 456/1012/474
f 726/1284/746 456/1012/474 186/733/195
f 727/1285/747 187/734/196 188/735/197
f 727/1285/747 188/735/197 458/1014/476
f 727/1285/747 458/1014/476 457/1013/475
f 727/1285/747 457/1013/475 187/734/196
f 728/1286/748 188/735/197 189/736/198
f 728/1286/748 189/736/198 459/1015/477
f 728/1286/748 459/1015/477 458/1014/476
f 728/1286/748 458/1014/476 188/735/197
f 729/1287/749 189/736/198 190/737/199
f 729/1287/749 190/737/199 460/1016/478
f 729/1287/749 460/1016/478 459/1015/477
f 729/1287/749 459/1015/477 189/736/198
f 730/1288/750 190/737/199 191/738/200
f 730/1288/750 191/738/200 461/1017/479
f 730/1288/750 461/1017/479 460/1016/478
f 730/1288/750 460/1016/478 190/737/199
f 731/1289/751 191/738/200 192/739/201
f 731/1289/751 192/739/201 462/1018/480
f 731/1289/751 462/1018/480 461/1017/479
f 731/1289/751 461/1017/479 191/738/200
f 732/1290/752 192/739/201 193/740/202
f 732/1290/752 193/740/202 463/1019/481
f 732/1290/752 463/1019/481 462/1018/480
f 732/1290/752 462/1018/480 192/739/201
f 733/1291/753 193/740/202 194/741/203
f 733/1291/753 194/741/203 464/1020/482
f 733/1291/753 464/1020/482 463/1019/481
f 733/1291/753 463/1019/481 193/740/202
f 734/1292/754 194/741/203 195/742/204
f 734/1292/754 195/742/204 465/1021/483
f 734/1292/754 465/1021/483 464/1020/482
f 734/1292/754 464/1020/482 194/741/203
f 735/1293/755 195/742/204 196/743/205
f 735/1293/755 196/743/205 466/1022/484
f 735/1293/755 466/1022/484 465/1021/483
f 735/1293/755 465/1021/483 195/742/204
f 736/1294/756 196/743/205 197/744/206
f 736/1294/756 197/744/206 467/1023/485
f 736/1294/756 467/1023/485 466/1022/484
f 736/1294/756 466/1022/484 196/743/205
f 737/1295/757 197/744/206 198/745/207
f 737/1295/757 198/745/207 468/1024/486
f 737/1295/757 468/1024/486 467/1023/485
f 737/1295/757 467/1023/485 197/744/206
f 738/1296/758 198/745/207 199/746/208
f 738/1296/758 199/746/208 469/1025/487
f 738/1296/758 469/1025/487 468/1024/486
f 738/1296/758 468/1024/486 198/745/207
f 739/1297/759 199/746/208 200/747/209
f 739/1297/759 200/747/209 470/1026/488
f 739/1297/759 470/1026/488 469/1025/487
f 739/1297/759 469/1025/487 199/746/208
f 740/1298/760 200/747/209 201/748/210
f 740/1298/760 201/748/210 471/1027/489
f 740/1298/760 471/1027/489 470/1026/488
f 740/1298/760 470/1026/488 200/747/209
f 741/1299/761 201/748/210 202/749/211
f 741/1299/761 202/749/211 472/1028/490
f 741/1299/761 472/1028/490 471/1027/489
f 741/1299/761 471/1027/489 201/748/210
f 742/1300/762 202/749/211 203/750/212
f 742/1300/762 203/750/212 473/1029/491
f 742/1300/762 473/1029/491 472/1028/490
f 742/1300/762 472/1028/490 202/749/211
f 743/1301/763 203/750/212 204/751/213
f 743/1301/763 204/751/213 474/1030/492
f 743/1301/763 474/1030/492 473/1029/491
f 743/1301/763 473/1029/491 203/750/212
f 744/1302/764 204/751/213 205/752/214
f 744/1302/764 205/752/214 475/1031/493
f 744/1302/764 475/1031/493 474/1030/492
f 744/1302/764 474/1030/492 204/751/213
f 745/1303/765 205/752/214 206/753/215
f 745/1303/765 206/753/215 476/1032/494
f 745/1303/765 476/1032/494 475/1031/493
f 745/1303/765 475/1031/493 205/752/214
f 746/1304/766 206/753/215 207/754/216
f 746/1304/766 207/754/216 477/1033/495
f 746/1304/766 477/1033/495 476/1032/494
f 746/1304/766 476/1032/494 206/753/215
f 747/1305/767 207/754/216 208/755/217
f 747/1305/767 208/755/217 478/1034/496
f 747/1305/767 478/1034/496 477/1033/495
f 747/1305/767 477/1033/495 207/754/216
f 748/1306/768 208/755/217 209/756/218
f 748/1306/768 209/756/218 479/1035/497
f 748/1306/768 479/1035/497 478/1034/496
f 748/1306/768 478/1034/496 208/755/217
f 749/1307/769 209/756/218 210/757/219
f 749/1307/769 210/757/219 480/1036/498
f 749/1307/769 480/1036/498 479/1035/497
f 749/1307/769 479/1035/497 209/756/218
f 750/1308/770 210/757/219 211/758/220
f 750/1308/770 211/758/220 481/1037/499
f 750/1308/770 481/1037/499 480/1036/498
f 750/1308/770 480/1036/498 210/757/219
f 751/1309/771 211/758/220 212/759/221
f 751/1309/771 212/759/221 482/1038/500
f 751/1309/771 482/1038/500 481/1037/499
f 751/1309/771 481/1037/499 211/758/220
f 752/1310/772 212/759/221 213/760/222
f 752/1310/772 213/760/222 483/1039/501
f 752/1310/772 483/1039/501 482/1038/500
f 752/1310/772 482/1038/500 212/759/221
f 753/1311/773 213/760/222 214/761/223
f 753/1311/773 214/761/223 484/1040/502
f 753/1311/773 484/1040/502 483/1039/501
f 753/1311/773 483/1039/501 213/760/222
f 754/1312/774 214/761/223 215/762/224
f 754/1312/774 215/762/224 485/1041/503
f 754/1312/774 485/1041/503 484/1040/502
f 754/1312/774 484/1040/502 214/761/223
f 755/1313/775 215/762/224 216/763/225
f 755/1313/775 216/763/225 486/1042/504
f 755/1313/775 486/1042/504 485/1041/503
f 755/1313/775 485/1041/503 215/762/224
f 756/1314/776 216/763/225 217/764/226
f 756/1314/776 217/764/226 487/1043/505
f 756/1314/776 487/1043/505 486/1042/504
f 756/1314/776 486/1042/504 216/763/225
f 757/1315/777 217/764/226 218/765/227
f 757/1315/777 218/765/227 488/1044/506
f 757/1315/777 488/1044/506 487/1043/505
f 757/1315/777 487/1043/505 217/764/226
f 758/1316/778 218/765/227 219/766/228
f 758/1316/778 219/766/228 489/1045/507
f 758/1316/778 489/1045/507 488/1044/506
f 758/1316/778 488/1044/506 218/765/227
f 759/1317/779 219/766/228 220/767/229
f 759/1317/779 220/767/229 490/1046/508
f 759/1317/779 490/1046/508 489/1045/507
f 759/1317/779 489/1045/507 219/766/228
f 760/1318/780 220/767/229 221/768/230
f 760/1318/780 221/768/230 491/1047/509
f 760/1318/780 491/1047/509 490/1046/508
f 760/1318/780 490/1046/508 220/767/229
f 761/1319/781 221/768/230 222/769/231
f 761/1319/781 222/769/231 492/1048/510
f 761/1319/781 492/1048/510 491/1047/509
f 761/1319/781 491/1047/509 221/768/230
f 762/1320/782 222/769/231 223/770/232
f 762/1320/782 223/770/232 493/1049/511
f 762/1320/782 493/1049/511 492/1048/510
f 762/1320/782 492/1048/510 222/769/231
f 763/1321/783 223/770/232 224/771/233
f 763/1321/783 224/771/233 494/1050/512
f 763/1321/783 494/1050/512 493/1049/511
f 763/1321/783 493/1049/511 223/770/232
f 764/1322/784 224/771/233 225/772/234
f 764/1322/784 225/772/234 495/1051/513
f 764/1322/784 495/1051/513 494/1050/512
f 764/1322/784 494/1050/512 224/771/233
f 765/1323/785 225/772/234 226/773/235
f 765/1323/785 226/773/235 496/1052/514
f 765/1323/785 496/1052/514 495/1051/513
f 765/1323/785 495/1051/513 225/772/234
f 766/1324/786 226/773/235 227/774/236
f 766/1324/786 227/774/236 497/1053/515
f 766/1324/786 497/1053/515 496/1052/514
f 766/1324/786 496/1052/514 226/773/235
f 767/1325/787 227/774/236 228/775/237
f 767/1325/787 228/775/237 498/1054/516
f 767/1325/787 498/1054/516 497/1053/515
f 767/1325/787 497/1053/515 227/774/236
f 768/1326/788 228/775/237 229/776/238
f 768/1326/788 229/776/238 499/1055/517
f 768/1326/788 499/1055/517 498/1054/516
f 768/1326/788 498/1054/516 228/775/237
f 769/1327/789 229/776/238 230/777/239
f 769/1327/789 230/777/239 500/1056/518
f 769/1327/789 500/1056/518 499/1055/517
f 769/1327/789 499/1055/517 229/776/238
f 770/1328/790 230/777/239 231/778/240
f 770/1328/790 231/778/240 501/1057/519
f 770/1328/790 501/1057/519 500/1056/518
f 770/1328/790 500/1056/518 230/777/239
f 771/1329/791 231/778/240 232/779/241
f 771/1329/791 232/779/241 502/1058/520
f 771/1329/791 502/1058/520 501/1057/519
f 771/1329/791 501/1057/519 231/778/240
f 772/1330/792 232/779/241 233/780/242
f 772/1330/792 233/780/242 503/1059/521
f 772/1330/792 503/1059/521 502/1058/520
f 772/1330/792 502/1058/520 232/779/241
f 773/1331/793 233/780/242 234/781/243
f 773/1331/793 234/781/243 504/1060/522
f 773/1331/793 504/1060/522 503/1059/521
f 773/1331/793 503/1059/521 233/780/242
f 774/1332/794 234/781/243 235/782/244
f 774/1332/794 235/782/244 505/1061/523
f 774/1332/794 505/1061/523 504/1060/522
f 774/1332/794 504/1060/522 234/781/243
f 775/1333/795 235/782/244 236/783/245
f 775/1333/795 236/783/245 506/1062/524
f 775/1333/795 506/1062/524 505/1061/523
f 775/1333/795 505/1061/523 235/782/244
f 776/1334/796 236/783/245 237/784/246
f 776/1334/796 237/784/246 507/1063/525
f 776/1334/796 507/1063/525 506/1062/524
f 776/1334/796 506/1062/524 236/783/245
f 777/1335/797 237/784/246 238/785/247
f 777/1335/797 238/785/247 508/1064/526
f 777/1335/797 508/1064/526 507/1063/525
f 777/1335/797 507/1063/525 237/784/246
f 778/1336/798 238/785/247 239/786/248
f 778/1336/798 239/786/248 509/1065/527
f 778/1336/798 509/1065/527 508/1064/526
f 778/1336/798 508/1064/526 238/785/247
f 779/1337/799 239/786/248 240/787/249
f 779/1337/799 240/787/249 510/1066/528
f 779/1337/799 510/1066/528 509/1065/527
f 779/1337/799 509/1065/527 239/786/248
f 780/1338/800 240/787/249 241/788/250
f 780/1338/800 241/788/250 511/1067/529
f 780/1338/800 511/1067/529 510/1066/528
f 780/1338/800 510/1066/528 240/787/249
f 781/1339/801 241/788/250 242/789/251
f 781/1339/801 242/789/251 512/1068/530
f 781/1339/801 512/1068/530 511/1067/529
f 781/1339/801 511/1067/529 241/788/250
f 782/1340/802 242/789/251 243/790/252
f 782/1340/802 243/790/252 513/1069/531
f 782/1340/802 513/1069/531 512/1068/530
f 782/1340/802 512/1068/530 242/789/251
f 783/1341/803 243/790/252 244/791/253
f 783/1341/803 244/791/253 514/1070/532
f 783/1341/803 514/1070/532 513/1069/531
f 783/1341/803 513/1069/531 243/790/252
f 784/1342/804 244/791/253 245/792/254
f 784/1342/804 245/792/254 515/1071/533
f 784/1342/804 515/1071/533 514/1070/532
f 784/1342/804 514/1070/532 244/791/253
f 785/1343/805 245/792/254 246/793/255
f 785/1343/805 246/793/255 516/1072/534
f 785/1343/805 516/1072/534 515/1071/533
f 785/1343/805 515/1071/533 245/792/254
f 786/1344/806 246/793/255 247/794/256
f 786/1344/806 247/794/256 517/1073/535
f 786/1344/806 517/1073/535 516/1072/534
f 786/1344/806 516/1072/534 246/793/255
f 787/1345/807 247/794/256 248/795/257
f 787/1345/807 248/795/257 518/1074/536
f 787/1345/807 518/1074/536 517/1073/535
f 787/1345/807 517/1073/535 247/794/256
f 788/1346/808 248/795/257 249/796/258
f 788/1346/808 249/796/258 519/1075/537
f 788/1346/808 519/1075/537 518/1074/536
f 788/1346/808 518/1074/536 248/795/257
f 789/1347/809 249/796/258 250/797/259
f 789/1347/809 250/797/259 520/1076/538
f 789/1347/809 520/1076/538 519/1075/537
f 789/1347/809 519/1075/537 249/796/258
f 790/1348/810 250/797/259 251/798/260
f 790/1348/810 251/798/260 521/1077/539
f 790/1348/810 521/1077/539 520/1076/538
f 790/1348/810 520/1076/538 250/797/259
f 791/1349/811 251/798/260 252/799/261
f 791/1349/811 252/799/261 522/1078/540
f 791/1349/811 522/1078/540 521/1077/539
f 791/1349/811 521/1077/539 251/798/260
f 792/1350/812 252/799/261 253/800/262
f 792/1350/812 253/800/262 523/1079/541
f 792/1350/812 523/1079/541 522/1078/540
f 792/1350/812 522/1078/540 252/799/261
f 793/1351/813 253/800/262 254/801/263
f 793/1351/813 254/801/263 524/1080/542
f 793/1351/813 524/1080/542 523/1079/541
f 793/1351/813 523/1079/541 253/800/262
f 794/1352/814 254/801/263 255/802/264
f 794/1352/814 255/802/264 525/1081/543
f 794/1352/814 525/1081/543 524/1080/542
f 794/1352/814 524/1080/542 254/801/263
f 795/1353/815 255/802/264 256/803/265
f 795/1353/815 256/803/265 526/1082/544
f 795/1353/815 526/1082/544 525/1081/543
f 795/1353/815 525/1081/543 255/802/264
f 796/1354/816 256/803/265 257/804/266
f 796/1354/816 257/804/266 527/1083/545
f 796/1354/816 527/1083/545 526/1082/544
f 796/1354/816 526/1082/544 256/803/265
f 797/1355/817 257/804/266 258/805/267
f 797/1355/817 258/805/267 528/1084/546
f 797/1355/817 528/1084/546 527/1083/545
f 797/1355/817 527/1083/545 257/804/266
f 798/1356/818 258/805/267 259/806/268
f 798/1356/818 259/806/268 529/1085/547
f 798/1356/818 529/1085/547 528/1084/546
f 798/1356/818 528/1084/546 258/805/267
f 799/1357/819 259/806/268 260/807/269
f 799/1357/819 260/807/269 530/1086/548
f 799/1357/819 530/1086/548 529/1085/547
f 799/1357/819 529/1085/547 259/806/268
f 800/1358/820 260/807/269 261/808/270
f 800/1358/820 261/808/270 531/1087/549
f 800/1358/820 531/1087/549 530/1086/548
f 800/1358/820 530/1086/548 260/807/269
f 801/1359/821 261/809/271 262/810/272
f 801/1359/821 262/810/272 532/1089/551
f 801/1359/821 532/1089/551 531/1088/550
f 801/1359/821 531/1088/550 261/809/271
f 802/1360/822 262/810/272 263/811/273
f 802/1360/822 263/811/273 533/1090/552
f 802/1360/822 533/1090/552 532/1089/551
f 802/1360/822 532/1089/551 262/810/272
f 803/1361/823 263/811/273 264/812/274
f 803/1361/823 264/812/274 534/1091/553
f 803/1361/823 534/1091/553 533/1090/552
f 803/1361/823 533/1090/552 263/811/273
f 804/1362/824 264/812/274 265/813/275
f 804/1362/824 265/813/275 535/1092/554
f 804/1362/824 535/1092/554 534/1091/553
f 804/1362/824 534/1091/553 264/812/274
f 805/1363/825 265/813/275 266/814/276
f 805/1363/825 266/814/276 536/1093/555
f 805/1363/825 536/1093/555 535/1092/554
f 805/1363/825 535/1092/554 265/813/275
f 806/1364/826 266/814/276 267/815/277
f 806/1364/826 267/815/277 537/1094/556
f 806/1364/826 537/1094/556 536/1093/555
f 806/1364/826 536/1093/555 266/814/276
f 807/1365/827 267/815/277 268/816/278
f 807/1365/827 268/816/278 538/1095/557
f 807/1365/827 538/1095/557 537/1094/556
f 807/1365/827 537/1094/556 267/815/277
f 808/1366/828 268/816/278 269/817/279
f 808/1366/828 269/817/279 539/1096/558
f 808/1366/828 539/1096/558 538/1095/557
f 808/1366/828 538/1095/557 268/816/278
f 809/1367/829 269/817/279 270/818/280
f 809/1367/829 270/818/280 540/1097/559
f 809/1367/829 540/1097/559 539/1096/558
f 809/1367/829 539/1096/558 269/817/279
f 810/1368/830 270/818/280 1/819/281
f 810/1368/830 1/819/281 271/1098/560
f 810/1368/830 271/1098/560 540/1097/559
f 810/1368/830 540/1097/559 270/818/280
